,training_loss_list,validation_loss_list,training_accuracy_list,validation_accuracy_list,duration_list,accuracy_list,confusion_matrix_list,num_conv_list,layer_size_list
0,"[1.1583243608474731, 0.792672872543335, 0.6679122447967529, 0.5205932855606079, 0.39996403455734253, 0.3484933078289032, 0.3456394076347351, 0.39439934492111206, 0.3701947033405304, 0.37835338711738586, 0.3436213433742523, 0.32658568024635315, 0.2824679911136627, 0.23885555565357208, 0.277112752199173, 0.3010585308074951, 0.2605826258659363, 0.1909075677394867, 0.2187383472919464, 0.17751997709274292, 0.1768171787261963, 0.19365103542804718, 0.14961983263492584, 0.21093754470348358, 0.1527070552110672, 0.19009338319301605, 0.19406837224960327, 0.17970073223114014, 0.17246346175670624, 0.1551075279712677, 0.16324323415756226, 0.15046386420726776, 0.11656809598207474, 0.17802868783473969, 0.23711061477661133, 0.1644526571035385, 0.1402735710144043, 0.16286638379096985, 0.10377541929483414, 0.1818578988313675, 0.24704748392105103, 0.21360105276107788, 0.16905809938907623, 0.14019614458084106, 0.11597348004579544, 0.10373012721538544, 0.13962024450302124, 0.19161716103553772, 0.1462874859571457, 0.1250462830066681, 0.12801751494407654, 0.11656270921230316, 0.16617907583713531, 0.16489100456237793, 0.10375664383172989, 0.1359395980834961, 0.13968059420585632, 0.1336439996957779, 0.103351891040802, 0.17197486758232117, 0.11780226230621338, 0.12194979935884476, 0.17618303000926971, 0.17738214135169983, 0.13700774312019348, 0.13648411631584167, 0.16005614399909973, 0.1303626000881195, 0.10470016300678253, 0.11444160342216492, 0.10950250923633575, 0.12098824977874756, 0.10643231868743896, 0.13264980912208557, 0.14231200516223907, 0.2206779420375824, 0.22262749075889587]","[2.7199788093566895, 2.6523685455322266, 2.004666328430176, 3.0042431354522705, 2.8756840229034424, 2.949514865875244, 46.7061882019043, 1.1180354356765747, 1.3977664709091187, 0.4932510256767273, 0.21299980580806732, 0.9061465263366699, 0.26525089144706726, 0.17078091204166412, 5.993524074554443, 0.3998483121395111, 0.14436568319797516, 0.13471536338329315, 0.09995619207620621, 0.10493860393762589, 0.08081784099340439, 0.16730563342571259, 0.11601188778877258, 0.0757938027381897, 0.38859206438064575, 0.0974559634923935, 0.11473077535629272, 0.13889841735363007, 0.1046026200056076, 0.12485990673303604, 0.09805570542812347, 0.15397155284881592, 0.12035913020372391, 0.11653100699186325, 0.13278786838054657, 0.09398463368415833, 0.14135582745075226, 8.3914213180542, 0.10497690737247467, 17.613710403442383, 0.3212754428386688, 1.5533671379089355, 0.10625831037759781, 0.1468997746706009, 0.1184767559170723, 0.12079223245382309, 0.08391338586807251, 0.13062641024589539, 0.12115596234798431, 0.10914099216461182, 0.09043724089860916, 0.08922230452299118, 0.09179528802633286, 0.09222021698951721, 0.06637528538703918, 1.1952331066131592, 0.5107138752937317, 0.6124028563499451, 0.1302761733531952, 0.11186984926462173, 0.08127884566783905, 4.195420742034912, 0.2891668677330017, 0.11180239170789719, 0.19360090792179108, 0.09978436678647995, 1.8577632904052734, 0.2848999500274658, 0.14285096526145935, 0.14116568863391876, 0.13320064544677734, 0.09566157311201096, 2.0047881603240967, 0.1492113620042801, 1.0686177015304565, 0.3011196553707123, 0.17571403086185455]","[0.5762439966201782, 0.7174959778785706, 0.7608346939086914, 0.8234350085258484, 0.8539325594902039, 0.869983971118927, 0.8683788180351257, 0.8683788180351257, 0.8715890645980835, 0.8796147704124451, 0.8876404762268066, 0.8956661224365234, 0.9117174744606018, 0.9181380271911621, 0.9020866751670837, 0.908507227897644, 0.908507227897644, 0.9293739795684814, 0.9357945322990417, 0.9502407908439636, 0.932584285736084, 0.9438202381134033, 0.9566613435745239, 0.9229534268379211, 0.9518458843231201, 0.9502407908439636, 0.9406099319458008, 0.9470304846763611, 0.937399685382843, 0.942215085029602, 0.9550561904907227, 0.9566613435745239, 0.9534510374069214, 0.942215085029602, 0.9341893792152405, 0.9502407908439636, 0.9518458843231201, 0.9406099319458008, 0.9598715901374817, 0.9390048384666443, 0.9213483333587646, 0.9261637330055237, 0.9438202381134033, 0.9486356377601624, 0.9678972959518433, 0.9550561904907227, 0.9534510374069214, 0.937399685382843, 0.9518458843231201, 0.9743177890777588, 0.9582664370536804, 0.9678972959518433, 0.9518458843231201, 0.9534510374069214, 0.9678972959518433, 0.9550561904907227, 0.9582664370536804, 0.9566613435745239, 0.9727126955986023, 0.9518458843231201, 0.9582664370536804, 0.9598715901374817, 0.9502407908439636, 0.9406099319458008, 0.9470304846763611, 0.9502407908439636, 0.9566613435745239, 0.9502407908439636, 0.9695023894309998, 0.961476743221283, 0.9582664370536804, 0.9727126955986023, 0.961476743221283, 0.961476743221283, 0.9630818367004395, 0.9406099319458008, 0.9309791326522827]","[0.14903846383094788, 0.16185897588729858, 0.41826921701431274, 0.15705128014087677, 0.17307692766189575, 0.3958333432674408, 0.1538461595773697, 0.682692289352417, 0.7884615659713745, 0.8525640964508057, 0.9262820482254028, 0.7291666865348816, 0.9246794581413269, 0.9471153616905212, 0.31891027092933655, 0.8717948794364929, 0.9663461446762085, 0.9727563858032227, 0.9631410241127014, 0.9583333134651184, 0.9695512652397156, 0.9583333134651184, 0.9615384340286255, 0.9759615659713745, 0.8653846383094788, 0.9599359035491943, 0.9567307829856873, 0.9631410241127014, 0.9663461446762085, 0.9599359035491943, 0.9599359035491943, 0.9567307829856873, 0.9567307829856873, 0.9615384340286255, 0.9599359035491943, 0.9663461446762085, 0.9567307829856873, 0.2532051205635071, 0.9711538553237915, 0.3044871687889099, 0.8958333134651184, 0.6490384340286255, 0.9727563858032227, 0.9615384340286255, 0.9631410241127014, 0.9615384340286255, 0.9775640964508057, 0.9583333134651184, 0.9583333134651184, 0.9727563858032227, 0.9599359035491943, 0.9615384340286255, 0.9743589758872986, 0.9647436141967773, 0.9727563858032227, 0.692307710647583, 0.8653846383094788, 0.8814102411270142, 0.9631410241127014, 0.9647436141967773, 0.9759615659713745, 0.6987179517745972, 0.9150640964508057, 0.9727563858032227, 0.9519230723381042, 0.9727563858032227, 0.5993589758872986, 0.9246794581413269, 0.9615384340286255, 0.9663461446762085, 0.9647436141967773, 0.9743589758872986, 0.6987179517745972, 0.9519230723381042, 0.6169871687889099, 0.9006410241127014, 0.9679487347602844]",82.68260145187378,0.9807692307692307,"[[153   0   0   0   0   0]
 [  5 153   4   0   0   0]
 [  0   2 150   0   0   0]
 [  1   0   0 118   0   0]
 [  0   0   1   0 120   0]
 [  0   0   0   0   3 122]]",1,128
1,"[1.124939203262329, 0.7441747784614563, 0.6364840865135193, 0.5201606750488281, 0.47040075063705444, 0.34628984332084656, 0.38130858540534973, 0.31483685970306396, 0.22299757599830627, 0.24773995578289032, 0.2905925512313843, 0.25570347905158997, 0.2147851437330246, 0.24531954526901245, 0.2302432656288147, 0.18152600526809692, 0.20387126505374908, 0.1469101458787918, 0.15287955105304718, 0.1679784059524536, 0.21127836406230927, 0.19918455183506012, 0.20693539083003998, 0.1826086938381195, 0.1660134345293045, 0.17039091885089874, 0.17781397700309753, 0.17191025614738464, 0.18701443076133728, 0.12414263188838959, 0.11387482285499573, 0.13195748627185822, 0.1579786092042923, 0.12493538856506348, 0.15793785452842712, 0.11459869891405106, 0.12084751576185226, 0.1566251963376999, 0.1429017037153244, 0.25554442405700684, 0.13633573055267334, 0.16703926026821136, 0.10341918468475342, 0.1246948093175888, 0.12250082939863205, 0.11029025912284851, 0.1254405826330185, 0.12361321598291397, 0.08558302372694016, 0.0981740653514862, 0.1591700315475464]","[2.3242721557617188, 2.920156240463257, 2.972421407699585, 4.800629615783691, 0.8519537448883057, 1.7399225234985352, 0.6813614964485168, 4.325101375579834, 0.13327983021736145, 0.8639125227928162, 2.731445550918579, 4.772948265075684, 6.050563812255859, 0.1307634711265564, 0.13122136890888214, 0.09997044503688812, 0.09929655492305756, 0.08925515413284302, 0.33037102222442627, 0.24559460580348969, 0.06102936714887619, 0.2872280180454254, 0.06991097331047058, 0.2698310613632202, 0.36017704010009766, 0.13151682913303375, 0.14449170231819153, 1.2794109582901, 0.3096257746219635, 0.11838001757860184, 0.3776857554912567, 0.14826761186122894, 0.15432360768318176, 0.13504473865032196, 0.16219577193260193, 0.18840879201889038, 0.08928930014371872, 0.2459450215101242, 0.5499244928359985, 0.2479674071073532, 2.9714529514312744, 0.11983640491962433, 0.10077226161956787, 0.13297486305236816, 0.13109594583511353, 0.10200541466474533, 0.8289656043052673, 0.1796574741601944, 0.0975932627916336, 0.26392123103141785, 1.5228121280670166]","[0.6227929592132568, 0.7399678826332092, 0.7817014455795288, 0.8170144557952881, 0.8314606547355652, 0.8892455697059631, 0.8892455697059631, 0.898876428604126, 0.9357945322990417, 0.9197431802749634, 0.8956661224365234, 0.9069020748138428, 0.9245585799217224, 0.9309791326522827, 0.9229534268379211, 0.9341893792152405, 0.9406099319458008, 0.9566613435745239, 0.9502407908439636, 0.9518458843231201, 0.9357945322990417, 0.9293739795684814, 0.942215085029602, 0.9357945322990417, 0.9518458843231201, 0.9534510374069214, 0.9534510374069214, 0.9518458843231201, 0.942215085029602, 0.9598715901374817, 0.9646869897842407, 0.9550561904907227, 0.937399685382843, 0.961476743221283, 0.9454253315925598, 0.971107542514801, 0.9566613435745239, 0.9486356377601624, 0.9566613435745239, 0.9197431802749634, 0.9470304846763611, 0.9390048384666443, 0.9630818367004395, 0.9582664370536804, 0.9582664370536804, 0.9630818367004395, 0.9550561904907227, 0.961476743221283, 0.966292142868042, 0.9678972959518433, 0.9550561904907227]","[0.26442307233810425, 0.27243590354919434, 0.2740384638309479, 0.17147435247898102, 0.7099359035491943, 0.3621794879436493, 0.7836538553237915, 0.40544870495796204, 0.9711538553237915, 0.6714743375778198, 0.48237180709838867, 0.3541666567325592, 0.41987180709838867, 0.9631410241127014, 0.9551281929016113, 0.9647436141967773, 0.9679487347602844, 0.9663461446762085, 0.9086538553237915, 0.9166666865348816, 0.9743589758872986, 0.9198718070983887, 0.9727563858032227, 0.9407051205635071, 0.875, 0.9583333134651184, 0.9599359035491943, 0.7483974099159241, 0.9006410241127014, 0.9679487347602844, 0.9006410241127014, 0.9471153616905212, 0.9599359035491943, 0.9711538553237915, 0.9519230723381042, 0.9407051205635071, 0.9727563858032227, 0.9246794581413269, 0.879807710647583, 0.9198718070983887, 0.5865384340286255, 0.9727563858032227, 0.9647436141967773, 0.9631410241127014, 0.9615384340286255, 0.9695512652397156, 0.7323718070983887, 0.9599359035491943, 0.9711538553237915, 0.9294871687889099, 0.6538461446762085]",141.93378496170044,0.9855769230769231,"[[152   1   0   0   0   0]
 [  2 160   0   0   0   0]
 [  0   4 148   0   0   0]
 [  4   0   0 115   0   0]
 [  0   0   0   0 120   1]
 [  0   0   0   0   0 125]]",1,256
2,"[1.1674195528030396, 0.7210786938667297, 0.6463247537612915, 0.5176482200622559, 0.4507451057434082, 0.5010694265365601, 0.3354465961456299, 0.35797470808029175, 0.2499776929616928, 0.3019016981124878, 0.22340458631515503, 0.2497236579656601, 0.26221659779548645, 0.23494040966033936, 0.2657663822174072, 0.23331604897975922, 0.21160849928855896, 0.2613378167152405, 0.2607009708881378, 0.2854325771331787, 0.26070937514305115, 0.17322105169296265, 0.17386183142662048, 0.15091179311275482, 0.14769093692302704, 0.1584179848432541, 0.15273195505142212, 0.1390257477760315, 0.1434365063905716, 0.06602325290441513, 0.1583046168088913, 0.1964835673570633, 0.16153249144554138, 0.19500674307346344, 0.15950439870357513, 0.13256481289863586, 0.14625975489616394, 0.16023080050945282, 0.146847203373909, 0.08982314169406891, 0.10992207378149033, 0.17565791308879852, 0.1225534975528717, 0.15155437588691711, 0.11836355179548264, 0.13146883249282837, 0.13006512820720673, 0.1215410828590393, 0.1245732307434082, 0.1599370390176773, 0.10737099498510361, 0.07538032531738281, 0.13220645487308502, 0.17391978204250336, 0.15035423636436462, 0.1066279411315918, 0.06038980558514595, 0.08465392142534256, 0.1855737715959549, 0.1624511331319809, 0.09529849141836166, 0.10546456277370453, 0.13893647491931915, 0.09897571057081223, 0.09531036019325256, 0.06939690560102463, 0.07509345561265945, 0.1454383134841919]","[3.4628539085388184, 4.98344087600708, 3.865541934967041, 1.38697350025177, 2.7504265308380127, 11.279098510742188, 5.334361553192139, 2.0938591957092285, 0.6395082473754883, 43.53575897216797, 6.846896648406982, 0.20130304992198944, 0.1506701111793518, 1.5446523427963257, 4.019593238830566, 0.6394570469856262, 4.326685905456543, 0.17103812098503113, 1.1767163276672363, 0.1642484962940216, 0.2929048538208008, 1.084145188331604, 0.17043055593967438, 0.15212655067443848, 0.1367485523223877, 0.601689338684082, 0.34355542063713074, 0.29062360525131226, 2.416033983230591, 0.31753236055374146, 1.8873941898345947, 0.2941928207874298, 8.16538143157959, 0.18863226473331451, 1.5792615413665771, 0.3762557804584503, 0.27971360087394714, 0.1176312044262886, 0.07375821471214294, 0.17009738087654114, 0.15555213391780853, 0.17732273042201996, 0.1546129584312439, 0.292159765958786, 0.1986779421567917, 0.17707984149456024, 0.16333794593811035, 7.943915843963623, 0.8303877115249634, 0.36574602127075195, 0.16693978011608124, 0.12040211260318756, 5.567568302154541, 0.2631329894065857, 0.21307417750358582, 0.10341518372297287, 0.14332979917526245, 0.13728418946266174, 0.6304483413696289, 0.22978359460830688, 0.1943175494670868, 0.15101517736911774, 0.19304786622524261, 0.08995523303747177, 0.8820980787277222, 0.39584434032440186, 0.11915580183267593, 0.6835927367210388]","[0.608346700668335, 0.7544141411781311, 0.7752808928489685, 0.8443017601966858, 0.8571428656578064, 0.8154093027114868, 0.8924558758735657, 0.8892455697059631, 0.9197431802749634, 0.9133226275444031, 0.9341893792152405, 0.9197431802749634, 0.9213483333587646, 0.9117174744606018, 0.9197431802749634, 0.932584285736084, 0.9341893792152405, 0.9149277806282043, 0.927768886089325, 0.9117174744606018, 0.9261637330055237, 0.9390048384666443, 0.9454253315925598, 0.9470304846763611, 0.9582664370536804, 0.9486356377601624, 0.9566613435745239, 0.966292142868042, 0.9486356377601624, 0.9775280952453613, 0.9598715901374817, 0.9438202381134033, 0.9518458843231201, 0.9470304846763611, 0.9454253315925598, 0.9502407908439636, 0.9534510374069214, 0.9582664370536804, 0.9566613435745239, 0.9630818367004395, 0.9727126955986023, 0.942215085029602, 0.9566613435745239, 0.9582664370536804, 0.9646869897842407, 0.9630818367004395, 0.9598715901374817, 0.9582664370536804, 0.9534510374069214, 0.9582664370536804, 0.9678972959518433, 0.9791332483291626, 0.9678972959518433, 0.9486356377601624, 0.9630818367004395, 0.966292142868042, 0.9775280952453613, 0.971107542514801, 0.9550561904907227, 0.9550561904907227, 0.9695023894309998, 0.9743177890777588, 0.9630818367004395, 0.9759229421615601, 0.9743177890777588, 0.9743177890777588, 0.9839486479759216, 0.961476743221283]","[0.14903846383094788, 0.16185897588729858, 0.1538461595773697, 0.3990384638309479, 0.46474358439445496, 0.1538461595773697, 0.2163461595773697, 0.5352563858032227, 0.7387820482254028, 0.16506409645080566, 0.30608972907066345, 0.9551281929016113, 0.9615384340286255, 0.7051281929016113, 0.3333333432674408, 0.8397436141967773, 0.6025640964508057, 0.9439102411270142, 0.6073718070983887, 0.9615384340286255, 0.9246794581413269, 0.6762820482254028, 0.9663461446762085, 0.9615384340286255, 0.9583333134651184, 0.8733974099159241, 0.9086538553237915, 0.9246794581413269, 0.5176281929016113, 0.9118589758872986, 0.5032051205635071, 0.9214743375778198, 0.31891027092933655, 0.9471153616905212, 0.5304487347602844, 0.9086538553237915, 0.9407051205635071, 0.9775640964508057, 0.9759615659713745, 0.9663461446762085, 0.9599359035491943, 0.9391025900840759, 0.9615384340286255, 0.9294871687889099, 0.9551281929016113, 0.9487179517745972, 0.9519230723381042, 0.37339743971824646, 0.8541666865348816, 0.9118589758872986, 0.9519230723381042, 0.9695512652397156, 0.32692307233810425, 0.9198718070983887, 0.9487179517745972, 0.9727563858032227, 0.9615384340286255, 0.9679487347602844, 0.8830128312110901, 0.9535256624221802, 0.9535256624221802, 0.9583333134651184, 0.9391025900840759, 0.9743589758872986, 0.7692307829856873, 0.9086538553237915, 0.9711538553237915, 0.9070512652397156]",449.976172208786,0.9783653846153846,"[[153   0   0   0   0   0]
 [  8 153   1   0   0   0]
 [  0   0 152   0   0   0]
 [  1   0   0 118   0   0]
 [  0   0   0   4 116   1]
 [  0   0   0   0   3 122]]",1,512
3,"[1.375606656074524, 0.860100269317627, 0.7115674018859863, 0.4600103199481964, 0.3689422905445099, 0.39645761251449585, 0.6055033206939697, 0.4628923535346985, 0.27200865745544434, 0.35072222352027893, 0.31988444924354553, 0.37378162145614624, 0.18653441965579987, 0.20731092989444733, 0.2642700672149658, 0.26114171743392944, 0.22698254883289337, 0.2024678885936737, 0.13237811625003815, 0.2101026028394699, 0.2526363432407379, 0.16406916081905365, 0.22677478194236755, 0.15929341316223145, 0.1293523609638214, 0.3127760589122772, 0.18424516916275024, 0.282270610332489, 0.27406761050224304, 0.2363003045320511, 0.20241636037826538, 0.16354900598526, 0.19102942943572998, 0.18331947922706604, 0.17775139212608337, 0.18357296288013458, 0.10059849917888641, 0.2254796177148819, 0.13633175194263458, 0.13802121579647064, 0.1702304482460022, 0.1272544115781784, 0.10901111364364624, 0.14902788400650024, 0.10035937279462814, 0.16768324375152588, 0.19312594830989838, 0.3211685121059418, 0.16259290277957916, 0.27500537037849426, 0.20454853773117065, 0.14607737958431244, 0.18366053700447083, 0.12920650839805603, 0.25209784507751465, 0.18466128408908844, 0.1655556559562683, 0.12696711719036102, 0.08335395157337189, 0.13049109280109406, 0.11851444095373154, 0.1373649537563324, 0.12455085664987564, 0.10464486479759216, 0.11514408141374588, 0.15930958092212677, 0.18286623060703278, 0.10019461810588837, 0.12599866092205048, 0.08723904192447662, 0.09283583611249924, 0.10094520449638367, 0.10268458724021912]","[2.8800954818725586, 11.245429992675781, 5.465667247772217, 2.497386932373047, 1.3572040796279907, 30.39189338684082, 1.353804588317871, 0.48898130655288696, 1.2490700483322144, 0.5126866102218628, 0.9805880784988403, 6.926307678222656, 0.09817694872617722, 1.5043017864227295, 3.331939697265625, 1.3036397695541382, 0.18032658100128174, 0.19561471045017242, 0.233659029006958, 0.5372512936592102, 0.5788957476615906, 0.4508017599582672, 0.17578072845935822, 0.4007711708545685, 18.75602149963379, 4.152673721313477, 0.8651345372200012, 1.582318902015686, 630.95654296875, 36.4288215637207, 0.3398663103580475, 0.5368896126747131, 0.0856306254863739, 19.907501220703125, 0.35411497950553894, 0.19771859049797058, 0.956456184387207, 0.3247354328632355, 0.24204765260219574, 0.29065099358558655, 0.3469950258731842, 0.15979105234146118, 0.13525639474391937, 0.08267829567193985, 0.4780556559562683, 2.6716248989105225, 18.48320960998535, 2.8825197219848633, 1.497527837753296, 0.14121682941913605, 56.49444580078125, 0.3383824825286865, 0.3579554557800293, 0.2964934706687927, 0.6368266940116882, 0.47905105352401733, 0.6146656274795532, 11.800789833068848, 0.25291311740875244, 0.22371140122413635, 0.2275373786687851, 0.16764478385448456, 0.14592178165912628, 0.1791200339794159, 0.2445593923330307, 0.20666241645812988, 8.253584861755371, 0.17663560807704926, 0.18017683923244476, 0.12708094716072083, 0.1451815962791443, 0.3041938245296478, 0.14237336814403534]","[0.6436597108840942, 0.7544141411781311, 0.7752808928489685, 0.8539325594902039, 0.8860353231430054, 0.8796147704124451, 0.8459069132804871, 0.8812199234962463, 0.9133226275444031, 0.9052969217300415, 0.908507227897644, 0.8876404762268066, 0.9438202381134033, 0.927768886089325, 0.9133226275444031, 0.9229534268379211, 0.9357945322990417, 0.9406099319458008, 0.9566613435745239, 0.9390048384666443, 0.9309791326522827, 0.9550561904907227, 0.9406099319458008, 0.9598715901374817, 0.9630818367004395, 0.9245585799217224, 0.9454253315925598, 0.9181380271911621, 0.9229534268379211, 0.942215085029602, 0.9470304846763611, 0.9438202381134033, 0.9341893792152405, 0.9486356377601624, 0.9406099319458008, 0.9470304846763611, 0.9630818367004395, 0.9566613435745239, 0.9566613435745239, 0.9502407908439636, 0.9534510374069214, 0.961476743221283, 0.9743177890777588, 0.9566613435745239, 0.9630818367004395, 0.961476743221283, 0.9502407908439636, 0.9261637330055237, 0.9470304846763611, 0.932584285736084, 0.9341893792152405, 0.9502407908439636, 0.9470304846763611, 0.9502407908439636, 0.942215085029602, 0.9438202381134033, 0.9502407908439636, 0.9598715901374817, 0.9678972959518433, 0.9630818367004395, 0.9678972959518433, 0.971107542514801, 0.9502407908439636, 0.971107542514801, 0.966292142868042, 0.9598715901374817, 0.9534510374069214, 0.9678972959518433, 0.9695023894309998, 0.971107542514801, 0.961476743221283, 0.9678972959518433, 0.9630818367004395]","[0.2419871836900711, 0.1538461595773697, 0.16185897588729858, 0.35737180709838867, 0.5897436141967773, 0.2836538553237915, 0.7243589758872986, 0.8990384340286255, 0.7371794581413269, 0.8509615659713745, 0.8317307829856873, 0.6153846383094788, 0.9775640964508057, 0.5689102411270142, 0.4663461446762085, 0.6907051205635071, 0.9583333134651184, 0.9519230723381042, 0.9535256624221802, 0.8413461446762085, 0.8493589758872986, 0.9022436141967773, 0.9631410241127014, 0.9278846383094788, 0.25, 0.27724358439445496, 0.8653846383094788, 0.8157051205635071, 0.1538461595773697, 0.19230769574642181, 0.8766025900840759, 0.8557692170143127, 0.9727563858032227, 0.3589743673801422, 0.9214743375778198, 0.9583333134651184, 0.8349359035491943, 0.9503205418586731, 0.9439102411270142, 0.9278846383094788, 0.9262820482254028, 0.9663461446762085, 0.9807692170143127, 0.9759615659713745, 0.875, 0.5544871687889099, 0.2003205120563507, 0.49839743971824646, 0.6858974099159241, 0.9631410241127014, 0.1538461595773697, 0.9375, 0.932692289352417, 0.932692289352417, 0.8317307829856873, 0.9647436141967773, 0.8477563858032227, 0.16826923191547394, 0.9503205418586731, 0.9439102411270142, 0.9535256624221802, 0.9503205418586731, 0.9711538553237915, 0.9567307829856873, 0.9471153616905212, 0.9455128312110901, 0.3413461446762085, 0.9583333134651184, 0.9599359035491943, 0.9615384340286255, 0.9599359035491943, 0.932692289352417, 0.9663461446762085]",1051.3425590991974,0.9795673076923077,"[[151   0   0   2   0   0]
 [ 10 151   1   0   0   0]
 [  0   0 152   0   0   0]
 [  1   0   0 118   0   0]
 [  0   0   0   0 119   2]
 [  0   0   0   0   1 124]]",1,1024
4,"[1.119808554649353, 0.7125034332275391, 0.6766474843025208, 0.5853734016418457, 0.5791012048721313, 0.47058096528053284, 0.44477689266204834, 0.4887394607067108, 0.3919900059700012, 0.34603801369667053, 0.3605838716030121, 0.3576321303844452, 0.39468294382095337, 0.35124748945236206, 0.3916718065738678, 0.385273814201355, 0.33064207434654236, 0.2944547235965729, 0.24239636957645416, 0.22895033657550812, 0.22919541597366333, 0.21061119437217712, 0.19368016719818115, 0.19479000568389893, 0.21157905459403992, 0.2863865792751312, 0.20939922332763672, 0.14281168580055237, 0.2488464117050171, 0.19745540618896484, 0.15448710322380066, 0.1534522920846939, 0.20980598032474518, 0.1931326985359192, 0.22147105634212494, 0.18807770311832428, 0.1679278016090393, 0.2215968817472458, 0.18065916001796722, 0.14780324697494507, 0.2161390334367752, 0.14342643320560455, 0.16144366562366486, 0.2014998197555542, 0.13198454678058624]","[2.1409358978271484, 4.127292156219482, 4.983638286590576, 5.022416591644287, 1.3414338827133179, 0.8518632650375366, 0.48029837012290955, 0.7240780591964722, 0.8631158471107483, 0.1583070456981659, 0.8342918157577515, 2.3918888568878174, 0.13914050161838531, 0.2091142237186432, 0.10093281418085098, 0.14634065330028534, 0.1869676411151886, 0.0922326073050499, 1.3995616436004639, 0.10399336367845535, 0.15852774679660797, 14.49170970916748, 1.371607780456543, 0.13060401380062103, 0.10405442863702774, 0.2579818665981293, 33.429832458496094, 1.6039420366287231, 0.2062763273715973, 0.6361327171325684, 0.07712100446224213, 0.18554697930812836, 0.9578244090080261, 136.5411376953125, 0.15895400941371918, 0.5407573580741882, 0.14416268467903137, 0.08257343620061874, 0.32310447096824646, 0.08834990113973618, 0.12905898690223694, 0.08818171918392181, 0.10535850375890732, 0.10321123152971268, 0.675054132938385]","[0.6067415475845337, 0.7415730357170105, 0.7528089880943298, 0.7929373979568481, 0.8154093027114868, 0.8378812074661255, 0.8635634183883667, 0.8491171598434448, 0.8539325594902039, 0.8828250169754028, 0.8924558758735657, 0.8828250169754028, 0.8731942176818848, 0.8715890645980835, 0.869983971118927, 0.8651685118675232, 0.898876428604126, 0.903691828250885, 0.908507227897644, 0.9229534268379211, 0.9293739795684814, 0.9341893792152405, 0.9390048384666443, 0.937399685382843, 0.9245585799217224, 0.898876428604126, 0.9245585799217224, 0.9454253315925598, 0.9293739795684814, 0.9390048384666443, 0.9486356377601624, 0.9406099319458008, 0.9341893792152405, 0.9181380271911621, 0.9229534268379211, 0.9438202381134033, 0.9438202381134033, 0.9341893792152405, 0.9486356377601624, 0.9454253315925598, 0.932584285736084, 0.9534510374069214, 0.9470304846763611, 0.9341893792152405, 0.9534510374069214]","[0.14903846383094788, 0.16185897588729858, 0.16185897588729858, 0.16185897588729858, 0.5929487347602844, 0.6410256624221802, 0.8221153616905212, 0.7227563858032227, 0.6233974099159241, 0.9519230723381042, 0.745192289352417, 0.567307710647583, 0.9503205418586731, 0.9246794581413269, 0.9823718070983887, 0.9391025900840759, 0.9535256624221802, 0.9631410241127014, 0.4455128312110901, 0.9711538553237915, 0.9455128312110901, 0.4006410241127014, 0.7035256624221802, 0.9663461446762085, 0.9583333134651184, 0.9150640964508057, 0.47756409645080566, 0.7692307829856873, 0.9230769276618958, 0.7403846383094788, 0.9759615659713745, 0.9439102411270142, 0.8205128312110901, 0.21474358439445496, 0.9551281929016113, 0.9294871687889099, 0.9679487347602844, 0.9679487347602844, 0.9294871687889099, 0.9647436141967773, 0.9647436141967773, 0.9759615659713745, 0.9775640964508057, 0.9679487347602844, 0.8381410241127014]",26.742716550827026,0.9771634615384616,"[[150   3   0   0   0   0]
 [  4 155   3   0   0   0]
 [  0   0 152   0   0   0]
 [  2   0   0 113   4   0]
 [  0   0   0   0 119   2]
 [  0   0   0   0   1 124]]",2,128
5,"[1.0607682466506958, 0.7229107022285461, 0.5267048478126526, 0.6086385250091553, 0.5987939238548279, 0.39175504446029663, 0.327455073595047, 0.4124965965747833, 0.40761542320251465, 0.33107730746269226, 0.331472784280777, 0.32297423481941223, 0.4019496440887451, 0.2799815237522125, 0.3038468360900879, 0.2851525545120239, 0.2523249685764313, 0.24674049019813538, 0.34185975790023804, 0.33056747913360596, 0.3176189959049225, 0.2835390865802765, 0.253106951713562, 0.2069680541753769, 0.23831705749034882, 0.22534118592739105, 0.16856196522712708, 0.13840577006340027, 0.19534717500209808, 0.13602957129478455, 0.155580535531044, 0.12815889716148376, 0.11925563961267471, 0.17461679875850677, 0.15969300270080566, 0.12806911766529083, 0.11102665960788727, 0.13669121265411377, 0.1628154069185257, 0.13085699081420898, 0.16159853339195251, 0.15407998859882355, 0.1495542973279953, 0.1352832168340683, 0.19800089299678802, 0.17481611669063568, 0.10270991176366806, 0.13459189236164093, 0.13930054008960724, 0.11713668704032898, 0.15258631110191345, 0.13233374059200287, 0.12291515618562698, 0.14928507804870605, 0.1118989959359169, 0.3637946844100952, 0.2655370831489563, 0.12223479151725769, 0.1074315756559372, 0.22910180687904358, 0.2111285924911499, 0.21304336190223694, 0.18509799242019653, 0.09975947439670563, 0.10982366651296616, 0.10872557014226913, 0.16098664700984955, 0.1416187733411789, 0.10854725539684296, 0.06883881986141205, 0.07271212339401245, 0.10638720542192459, 0.16658098995685577, 0.11818624287843704, 0.11360889673233032, 0.14162839949131012, 0.12817586958408356]","[3.925124406814575, 5.199304103851318, 5.781484603881836, 9.722638130187988, 4.696208477020264, 0.617860734462738, 0.6451025605201721, 0.469950795173645, 3.689728260040283, 10.091402053833008, 0.14350971579551697, 0.8968997001647949, 0.26002922654151917, 0.6534766554832458, 1.3866443634033203, 0.1252603828907013, 1.2039048671722412, 6.062314987182617, 24.22353744506836, 0.8878667950630188, 20.780460357666016, 0.5268460512161255, 0.9102271795272827, 0.24295882880687714, 0.23913784325122833, 0.40935224294662476, 0.27576300501823425, 0.09984803199768066, 0.5141760110855103, 0.14250773191452026, 0.9001259207725525, 0.10954690724611282, 0.12876561284065247, 0.22456049919128418, 0.09878148138523102, 0.41995376348495483, 0.14640465378761292, 0.42073944211006165, 0.07141949236392975, 0.12730345129966736, 0.15968100726604462, 0.09126921743154526, 0.18395106494426727, 0.18015015125274658, 0.23610973358154297, 0.1039290651679039, 0.08437704294919968, 0.10432828962802887, 0.15667830407619476, 0.6040644645690918, 1.1438640356063843, 0.10460639744997025, 0.11209205538034439, 0.13186797499656677, 0.08692941814661026, 0.2470533698797226, 0.11621065437793732, 0.07582160085439682, 0.07399860769510269, 0.23354968428611755, 84.6446533203125, 65.2846908569336, 0.17872093617916107, 0.9824630618095398, 3.4621946811676025, 0.18982098996639252, 0.5518792271614075, 45.4225959777832, 0.1112615168094635, 0.11340086162090302, 0.08957668393850327, 0.060134392231702805, 0.10397069901227951, 0.07995515316724777, 0.6258357167243958, 15.34945011138916, 0.06188223883509636]","[0.642054557800293, 0.7528089880943298, 0.8186196088790894, 0.8041733503341675, 0.7897271513938904, 0.8651685118675232, 0.898876428604126, 0.8443017601966858, 0.8619582653045654, 0.8956661224365234, 0.903691828250885, 0.9004815220832825, 0.8603531122207642, 0.9101123809814453, 0.8956661224365234, 0.9181380271911621, 0.9165329337120056, 0.9165329337120056, 0.8860353231430054, 0.8844301700592041, 0.9004815220832825, 0.9052969217300415, 0.9149277806282043, 0.9229534268379211, 0.9293739795684814, 0.9309791326522827, 0.9390048384666443, 0.9534510374069214, 0.932584285736084, 0.9518458843231201, 0.9582664370536804, 0.9534510374069214, 0.9550561904907227, 0.9454253315925598, 0.9550561904907227, 0.9598715901374817, 0.9646869897842407, 0.961476743221283, 0.9534510374069214, 0.9582664370536804, 0.9502407908439636, 0.9438202381134033, 0.9518458843231201, 0.9454253315925598, 0.942215085029602, 0.9390048384666443, 0.9695023894309998, 0.9550561904907227, 0.9582664370536804, 0.961476743221283, 0.9534510374069214, 0.9550561904907227, 0.9566613435745239, 0.9534510374069214, 0.961476743221283, 0.9020866751670837, 0.9117174744606018, 0.9566613435745239, 0.9678972959518433, 0.9486356377601624, 0.9357945322990417, 0.932584285736084, 0.932584285736084, 0.9598715901374817, 0.966292142868042, 0.966292142868042, 0.9550561904907227, 0.9630818367004395, 0.971107542514801, 0.9791332483291626, 0.971107542514801, 0.9678972959518433, 0.9534510374069214, 0.9566613435745239, 0.9566613435745239, 0.9598715901374817, 0.9678972959518433]","[0.16185897588729858, 0.16185897588729858, 0.16185897588729858, 0.16185897588729858, 0.2996794879436493, 0.7916666865348816, 0.7467948794364929, 0.8509615659713745, 0.2964743673801422, 0.48076921701431274, 0.9519230723381042, 0.8397436141967773, 0.9086538553237915, 0.8141025900840759, 0.7660256624221802, 0.9519230723381042, 0.6714743375778198, 0.16506409645080566, 0.3461538553237915, 0.7964743375778198, 0.3717948794364929, 0.9150640964508057, 0.8461538553237915, 0.9391025900840759, 0.9599359035491943, 0.8685897588729858, 0.9118589758872986, 0.9695512652397156, 0.9070512652397156, 0.9647436141967773, 0.5897436141967773, 0.9663461446762085, 0.9695512652397156, 0.9455128312110901, 0.9599359035491943, 0.875, 0.9599359035491943, 0.8477563858032227, 0.9759615659713745, 0.9583333134651184, 0.9503205418586731, 0.9695512652397156, 0.9567307829856873, 0.9727563858032227, 0.9054487347602844, 0.9647436141967773, 0.9807692170143127, 0.9631410241127014, 0.9535256624221802, 0.7612179517745972, 0.5064102411270142, 0.9695512652397156, 0.9647436141967773, 0.9743589758872986, 0.9679487347602844, 0.9166666865348816, 0.9615384340286255, 0.9775640964508057, 0.9727563858032227, 0.9166666865348816, 0.2788461446762085, 0.3541666567325592, 0.9551281929016113, 0.8942307829856873, 0.8237179517745972, 0.9583333134651184, 0.8814102411270142, 0.39262819290161133, 0.9743589758872986, 0.9647436141967773, 0.9807692170143127, 0.9791666865348816, 0.9647436141967773, 0.9775640964508057, 0.9471153616905212, 0.7051281929016113, 0.9743589758872986]",56.444164752960205,0.9795673076923077,"[[153   0   0   0   0   0]
 [  6 152   4   0   0   0]
 [  0   4 148   0   0   0]
 [  0   0   0 119   0   0]
 [  0   0   0   0 118   3]
 [  0   0   0   0   0 125]]",2,256
6,"[1.053830862045288, 0.7589824795722961, 0.655350387096405, 0.5595061779022217, 0.4968925416469574, 0.5489651560783386, 0.4635719954967499, 0.3126525282859802, 0.49089759588241577, 0.4062304198741913, 0.3338272273540497, 0.28107649087905884, 0.31509530544281006, 0.18177083134651184, 0.24870513379573822, 0.264692485332489, 0.2615008056163788, 0.22423914074897766, 0.21156615018844604, 0.21910212934017181, 0.20111970603466034, 0.2127654254436493, 0.2482682168483734, 0.14788751304149628, 0.205474853515625, 0.25955381989479065, 0.33298635482788086, 0.22609494626522064, 0.35042139887809753, 0.27290797233581543, 0.26105087995529175, 0.23519907891750336, 0.19577805697917938, 0.21566250920295715, 0.2608625292778015, 0.19673225283622742, 0.2087404727935791, 0.18050900101661682, 0.13567858934402466, 0.15855823457241058, 0.15876883268356323, 0.15427760779857635, 0.15362225472927094, 0.09547106921672821, 0.1327233612537384, 0.17556928098201752, 0.12685924768447876, 0.08936543762683868, 0.1274479478597641, 0.1522495299577713]","[4.177525997161865, 6.323554992675781, 7.789636135101318, 6.596441745758057, 5.595908164978027, 0.640419065952301, 0.2724095284938812, 0.3255624771118164, 1.4710040092468262, 0.8515151739120483, 0.3182161748409271, 27.684053421020508, 0.4268317222595215, 15.750312805175781, 50.553497314453125, 2.142064332962036, 0.10693275183439255, 0.10787366330623627, 0.12054813653230667, 0.06788890808820724, 9.497836112976074, 0.4121217429637909, 0.0922497808933258, 2.103839874267578, 7.318967342376709, 7.359436988830566, 0.856637716293335, 7.556004524230957, 0.2685029208660126, 0.19209252297878265, 0.12669657170772552, 2.930522918701172, 0.5881062746047974, 0.08372657746076584, 2.4820127487182617, 0.25345608592033386, 0.0799442008137703, 0.1506618708372116, 0.1564464271068573, 0.2799970805644989, 0.09555099159479141, 0.3028276264667511, 182.88302612304688, 3.1068778038024902, 0.7672228217124939, 0.13233622908592224, 0.08572152256965637, 53.05703353881836, 24.565135955810547, 0.12127608805894852]","[0.6613162159919739, 0.7608346939086914, 0.7961476445198059, 0.8282504081726074, 0.8587480187416077, 0.8282504081726074, 0.8571428656578064, 0.8876404762268066, 0.8443017601966858, 0.8491171598434448, 0.8844301700592041, 0.9197431802749634, 0.8972712755203247, 0.9357945322990417, 0.9133226275444031, 0.9197431802749634, 0.908507227897644, 0.927768886089325, 0.9293739795684814, 0.9390048384666443, 0.9341893792152405, 0.9454253315925598, 0.9181380271911621, 0.9582664370536804, 0.9390048384666443, 0.9261637330055237, 0.9020866751670837, 0.927768886089325, 0.874799370765686, 0.9261637330055237, 0.9165329337120056, 0.9406099319458008, 0.9357945322990417, 0.9406099319458008, 0.908507227897644, 0.942215085029602, 0.937399685382843, 0.942215085029602, 0.9518458843231201, 0.9518458843231201, 0.9470304846763611, 0.9486356377601624, 0.9406099319458008, 0.961476743221283, 0.9550561904907227, 0.9438202381134033, 0.9582664370536804, 0.9630818367004395, 0.961476743221283, 0.9502407908439636]","[0.16185897588729858, 0.16185897588729858, 0.16185897588729858, 0.16185897588729858, 0.29807692766189575, 0.7596153616905212, 0.9310897588729858, 0.9022436141967773, 0.7612179517745972, 0.7516025900840759, 0.8573718070983887, 0.4166666567325592, 0.9070512652397156, 0.4535256326198578, 0.26762819290161133, 0.5016025900840759, 0.9567307829856873, 0.9679487347602844, 0.9599359035491943, 0.9727563858032227, 0.4951923191547394, 0.9086538553237915, 0.9679487347602844, 0.42307692766189575, 0.27243590354919434, 0.29807692766189575, 0.6105769276618958, 0.19871795177459717, 0.9214743375778198, 0.9535256624221802, 0.9599359035491943, 0.5721153616905212, 0.9150640964508057, 0.9727563858032227, 0.4503205120563507, 0.9471153616905212, 0.9711538553237915, 0.9663461446762085, 0.9583333134651184, 0.9006410241127014, 0.9615384340286255, 0.9070512652397156, 0.16987179219722748, 0.4118589758872986, 0.7179487347602844, 0.9567307829856873, 0.9663461446762085, 0.17788460850715637, 0.2532051205635071, 0.9647436141967773]",53.01835370063782,0.984375,"[[151   2   0   0   0   0]
 [  4 158   0   0   0   0]
 [  0   3 149   0   0   0]
 [  0   0   0 118   1   0]
 [  0   0   0   0 118   3]
 [  0   0   0   0   0 125]]",2,512
7,"[1.314589262008667, 0.974209189414978, 0.7246793508529663, 0.6215845346450806, 0.5640668272972107, 0.5721849799156189, 0.6328046917915344, 0.5628353953361511, 0.40096649527549744, 0.3626282215118408, 0.4115537405014038, 0.4286655783653259, 0.36024048924446106, 0.4686329662799835, 0.3006313145160675, 0.16542328894138336, 0.36641624569892883, 0.20211195945739746, 0.27624136209487915, 0.16630250215530396, 0.27063488960266113, 0.20071500539779663, 0.2652760446071625, 0.24205847084522247, 0.18411695957183838, 0.32499054074287415, 0.29379868507385254, 0.2291223704814911, 0.15897317230701447, 0.16171471774578094, 0.21260705590248108, 0.2393188774585724, 0.20919549465179443, 0.16770906746387482, 0.13178791105747223, 0.19891388714313507, 0.13773345947265625, 0.16990748047828674, 0.1505337506532669, 0.2018849402666092, 0.28935709595680237, 0.17153041064739227, 0.13811318576335907, 0.1761104017496109, 0.2419327050447464, 0.23642192780971527, 0.1856376677751541, 0.10035841912031174, 0.11784766614437103, 0.17262303829193115, 0.14336811006069183, 0.14343710243701935, 0.13472124934196472, 0.1457473486661911, 0.19147613644599915, 0.1233104020357132, 0.0650181919336319, 0.11300567537546158, 0.11585532128810883, 0.21773214638233185, 0.1925361603498459, 0.15561093389987946, 0.11819309741258621, 0.10263102501630783]","[7.585944652557373, 8.061616897583008, 7.273151874542236, 5.078470706939697, 4.594813346862793, 0.6150826811790466, 1.3795019388198853, 0.36455684900283813, 14.595410346984863, 0.20576347410678864, 0.5152279138565063, 10.302807807922363, 2.02770733833313, 0.1736665964126587, 0.28500309586524963, 0.16582009196281433, 0.23621991276741028, 0.10916494578123093, 0.28633683919906616, 0.13769696652889252, 0.6779688596725464, 0.30442625284194946, 0.17921774089336395, 0.15908265113830566, 0.4967072904109955, 9.168777465820312, 4.763227939605713, 0.39277753233909607, 0.23888209462165833, 0.33104074001312256, 1.5198190212249756, 0.1501990407705307, 0.14841866493225098, 0.07505852729082108, 0.17430615425109863, 0.57114177942276, 2.2035746574401855, 0.8995171785354614, 0.42669805884361267, 0.8984379172325134, 11.013556480407715, 0.09451450407505035, 0.18277625739574432, 0.6611378192901611, 0.3367950916290283, 0.13022716343402863, 0.0913604274392128, 3.1153407096862793, 0.22159382700920105, 0.3160529136657715, 0.25484246015548706, 0.3144320845603943, 0.21444179117679596, 3.9022200107574463, 0.22741718590259552, 0.17106328904628754, 0.19850853085517883, 0.13282504677772522, 0.11122933775186539, 4.268810749053955, 0.12549792230129242, 0.13349664211273193, 0.1550966054201126, 0.2882801592350006]","[0.646869957447052, 0.7158908247947693, 0.7752808928489685, 0.8041733503341675, 0.8330658078193665, 0.8491171598434448, 0.8170144557952881, 0.8314606547355652, 0.8764045238494873, 0.8940609693527222, 0.8908507227897644, 0.8715890645980835, 0.8972712755203247, 0.8443017601966858, 0.908507227897644, 0.9518458843231201, 0.8876404762268066, 0.9438202381134033, 0.9117174744606018, 0.9534510374069214, 0.9261637330055237, 0.927768886089325, 0.9181380271911621, 0.9261637330055237, 0.9406099319458008, 0.9181380271911621, 0.9197431802749634, 0.9470304846763611, 0.937399685382843, 0.9502407908439636, 0.9309791326522827, 0.9406099319458008, 0.932584285736084, 0.9406099319458008, 0.9598715901374817, 0.9357945322990417, 0.966292142868042, 0.9470304846763611, 0.961476743221283, 0.9470304846763611, 0.9149277806282043, 0.9454253315925598, 0.9582664370536804, 0.9502407908439636, 0.9406099319458008, 0.9390048384666443, 0.937399685382843, 0.9582664370536804, 0.9678972959518433, 0.9486356377601624, 0.9582664370536804, 0.961476743221283, 0.9518458843231201, 0.9582664370536804, 0.9470304846763611, 0.9598715901374817, 0.9727126955986023, 0.9727126955986023, 0.9630818367004395, 0.9502407908439636, 0.9406099319458008, 0.966292142868042, 0.9582664370536804, 0.971107542514801]","[0.14903846383094788, 0.14903846383094788, 0.16185897588729858, 0.22756409645080566, 0.22275641560554504, 0.7243589758872986, 0.5384615659713745, 0.9198718070983887, 0.16025641560554504, 0.9631410241127014, 0.8669871687889099, 0.1666666716337204, 0.6442307829856873, 0.9198718070983887, 0.8926281929016113, 0.9439102411270142, 0.9439102411270142, 0.9727563858032227, 0.9471153616905212, 0.9727563858032227, 0.7131410241127014, 0.9439102411270142, 0.9599359035491943, 0.9567307829856873, 0.9150640964508057, 0.4294871687889099, 0.5480769276618958, 0.9134615659713745, 0.9567307829856873, 0.9455128312110901, 0.6330128312110901, 0.9711538553237915, 0.9615384340286255, 0.9759615659713745, 0.9647436141967773, 0.7980769276618958, 0.3910256326198578, 0.745192289352417, 0.9391025900840759, 0.9342948794364929, 0.2532051205635071, 0.9759615659713745, 0.9503205418586731, 0.8830128312110901, 0.8878205418586731, 0.9743589758872986, 0.9743589758872986, 0.6875, 0.9535256624221802, 0.9054487347602844, 0.9310897588729858, 0.8910256624221802, 0.9503205418586731, 0.5096153616905212, 0.9310897588729858, 0.9487179517745972, 0.9294871687889099, 0.9711538553237915, 0.9663461446762085, 0.5304487347602844, 0.9743589758872986, 0.9663461446762085, 0.9599359035491943, 0.9391025900840759]",165.556627035141,0.984375,"[[149   3   0   1   0   0]
 [  4 154   4   0   0   0]
 [  0   0 152   0   0   0]
 [  0   0   0 119   0   0]
 [  0   0   0   0 121   0]
 [  0   0   0   0   1 124]]",2,1024
8,"[1.315370798110962, 0.9434134364128113, 0.727645218372345, 0.763512372970581, 0.5512790083885193, 0.5833205580711365, 0.5882666707038879, 0.48785391449928284, 0.45973262190818787, 0.4077533185482025, 0.33787310123443604, 0.3195207715034485, 0.37848353385925293, 0.4104657769203186, 0.35731515288352966, 0.37723416090011597, 0.3767673373222351, 0.2953058183193207, 0.3722480833530426, 0.29749035835266113, 0.3113288879394531, 0.22884489595890045, 0.3325088620185852, 0.2891221344470978, 0.24509283900260925, 0.3449648320674896, 0.2638699412345886, 0.27399712800979614, 0.3044857978820801, 0.2738998532295227, 0.22736668586730957, 0.1887894719839096, 0.24286572635173798, 0.22703947126865387, 0.24532148241996765, 0.21420903503894806, 0.23741929233074188, 0.21521300077438354, 0.27661433815956116, 0.31863418221473694, 0.2086990922689438, 0.1956707239151001, 0.2551649510860443, 0.24911391735076904, 0.20926311612129211, 0.18914881348609924, 0.25720319151878357, 0.17967581748962402, 0.2210116982460022, 0.18449845910072327, 0.14386078715324402, 0.20603761076927185, 0.17137424647808075]","[3.110586166381836, 5.180475234985352, 6.153905868530273, 3.372884511947632, 2.180640935897827, 1.1621195077896118, 0.9613044857978821, 0.7418102622032166, 0.4681352972984314, 2.068061590194702, 0.4051665663719177, 0.11569936573505402, 0.19929493963718414, 2.349241018295288, 0.22076541185379028, 4.810193061828613, 0.1988999843597412, 0.22154353559017181, 0.2053741067647934, 0.08711926639080048, 0.11845260113477707, 0.11597522348165512, 0.0798153355717659, 0.9691888689994812, 0.21422317624092102, 26.92829132080078, 0.20680442452430725, 4.374145984649658, 5.570460796356201, 0.6381154656410217, 0.06963113695383072, 0.10481460392475128, 0.39656201004981995, 0.19623322784900665, 1.1193548440933228, 0.29786771535873413, 0.12178967893123627, 0.05897048860788345, 0.49314767122268677, 2.642347574234009, 2.878286600112915, 0.5138115286827087, 0.9537687301635742, 0.30653291940689087, 4.7641072273254395, 0.05593675374984741, 0.07309447973966599, 1.3324544429779053, 0.3897796869277954, 0.1564164161682129, 0.8803399205207825, 0.09137091040611267, 0.1124928891658783]","[0.5377206802368164, 0.646869957447052, 0.7463884353637695, 0.7303370833396912, 0.7977527976036072, 0.7929373979568481, 0.7849116921424866, 0.8346709609031677, 0.8443017601966858, 0.8539325594902039, 0.8731942176818848, 0.9020866751670837, 0.8780096173286438, 0.8571428656578064, 0.8731942176818848, 0.8828250169754028, 0.8683788180351257, 0.903691828250885, 0.8619582653045654, 0.903691828250885, 0.898876428604126, 0.9197431802749634, 0.8860353231430054, 0.9101123809814453, 0.9197431802749634, 0.8764045238494873, 0.9117174744606018, 0.9197431802749634, 0.8972712755203247, 0.903691828250885, 0.9341893792152405, 0.9470304846763611, 0.9197431802749634, 0.927768886089325, 0.927768886089325, 0.9309791326522827, 0.9117174744606018, 0.9293739795684814, 0.9052969217300415, 0.9052969217300415, 0.9261637330055237, 0.937399685382843, 0.9197431802749634, 0.9229534268379211, 0.9390048384666443, 0.9470304846763611, 0.9229534268379211, 0.9390048384666443, 0.9390048384666443, 0.9406099319458008, 0.9534510374069214, 0.9357945322990417, 0.9454253315925598]","[0.16185897588729858, 0.16185897588729858, 0.16185897588729858, 0.2884615361690521, 0.44711539149284363, 0.45993590354919434, 0.7067307829856873, 0.745192289352417, 0.8141025900840759, 0.4294871687889099, 0.8766025900840759, 0.9551281929016113, 0.9166666865348816, 0.49358972907066345, 0.9054487347602844, 0.16346153616905212, 0.942307710647583, 0.9278846383094788, 0.9166666865348816, 0.9759615659713745, 0.9631410241127014, 0.9535256624221802, 0.9807692170143127, 0.6153846383094788, 0.9246794581413269, 0.20993590354919434, 0.9535256624221802, 0.18108974397182465, 0.4134615361690521, 0.8028846383094788, 0.9727563858032227, 0.9679487347602844, 0.8477563858032227, 0.9294871687889099, 0.7099359035491943, 0.9070512652397156, 0.9727563858032227, 0.9807692170143127, 0.8589743375778198, 0.22756409645080566, 0.26442307233810425, 0.7836538553237915, 0.7387820482254028, 0.875, 0.5336538553237915, 0.9775640964508057, 0.9711538553237915, 0.41987180709838867, 0.8733974099159241, 0.9439102411270142, 0.7628205418586731, 0.9727563858032227, 0.9679487347602844]",30.079995155334473,0.9819711538461539,"[[151   2   0   0   0   0]
 [  5 157   0   0   0   0]
 [  0   2 150   0   0   0]
 [  0   0   0 119   0   0]
 [  0   0   0   4 115   2]
 [  0   0   0   0   0 125]]",3,128
9,"[1.277571439743042, 0.8735719919204712, 0.718632161617279, 0.5960544943809509, 0.5887885093688965, 0.6285878419876099, 0.5427780747413635, 0.3830101490020752, 0.41793733835220337, 0.4099346399307251, 0.3950958847999573, 0.36940687894821167, 0.2960131764411926, 0.37442219257354736, 0.34101104736328125, 0.2965288758277893, 0.28769516944885254, 0.2860284149646759, 0.28560706973075867, 0.2966560125350952, 0.30826833844184875, 0.37729790806770325, 0.25682228803634644, 0.2757592499256134, 0.25637921690940857, 0.2342350035905838, 0.3457592725753784, 0.2655948996543884, 0.22815291583538055, 0.22050155699253082, 0.3268607258796692, 0.2305644452571869, 0.2465105801820755, 0.20289048552513123, 0.23342466354370117, 0.21016067266464233, 0.24953241646289825, 0.20084133744239807, 0.24147504568099976, 0.14167428016662598, 0.21612735092639923, 0.19301363825798035, 0.1955665796995163, 0.21161070466041565, 0.22121605277061462, 0.24045845866203308, 0.1491500288248062, 0.15197892487049103, 0.2248631715774536, 0.1637587994337082, 0.11423542350530624, 0.1672363579273224, 0.18462006747722626, 0.1585749089717865, 0.1376720666885376, 0.15709421038627625, 0.09703461825847626, 0.1264760047197342, 0.1494957059621811, 0.1283474713563919, 0.19285857677459717, 0.1397312432527542, 0.13197484612464905, 0.1373833566904068, 0.1030203178524971, 0.10873649269342422, 0.07821517437696457, 0.12192624807357788, 0.1235351413488388, 0.13380910456180573, 0.142886221408844, 0.17018501460552216, 0.23840582370758057, 0.13244131207466125, 0.11078822612762451, 0.15543991327285767, 0.10552357882261276, 0.1628277450799942, 0.10060059279203415, 0.12949766218662262, 0.11099114269018173, 0.14567525684833527, 0.07749462127685547, 0.09759589284658432, 0.11768308281898499, 0.09351508319377899]","[4.714776039123535, 9.364733695983887, 11.086261749267578, 8.32337474822998, 3.7930634021759033, 0.9043604731559753, 1.0307129621505737, 1.2327032089233398, 0.2993362247943878, 0.2914601266384125, 1.184255599975586, 0.8265194892883301, 0.7828472852706909, 0.3002930283546448, 0.19642683863639832, 0.20560193061828613, 0.19430485367774963, 0.13764870166778564, 1.0014209747314453, 0.5468791723251343, 0.16293615102767944, 1.9284380674362183, 3.3812921047210693, 0.7513230443000793, 0.26400044560432434, 0.19057269394397736, 9.137564659118652, 0.841835618019104, 1.0214380025863647, 0.37710312008857727, 0.686526894569397, 0.22864535450935364, 0.750896155834198, 0.1569669395685196, 0.09569576382637024, 3.3148486614227295, 2.768732786178589, 4.197568416595459, 1.7316614389419556, 0.09935496747493744, 0.10499393194913864, 0.19449827075004578, 0.2393345981836319, 0.09630435705184937, 1.365355134010315, 0.699020504951477, 0.745122492313385, 0.20832794904708862, 0.5399823784828186, 0.06234412267804146, 0.09464511275291443, 0.07772079110145569, 1.594782829284668, 0.2099556028842926, 3.6282427310943604, 0.07079746574163437, 0.0841631069779396, 0.6909826993942261, 0.3351908028125763, 0.0992022305727005, 0.28493720293045044, 1.200929045677185, 1.747814655303955, 0.16600506007671356, 0.14773306250572205, 0.08817677944898605, 0.09416073560714722, 0.06235622242093086, 0.3015829622745514, 0.1415620893239975, 0.09998561441898346, 0.16619913280010223, 0.5514461398124695, 12.072967529296875, 0.17025239765644073, 0.06705819815397263, 0.08068034797906876, 0.08063890039920807, 0.11397203058004379, 0.0920591875910759, 0.11826851218938828, 0.11527839303016663, 0.09204401075839996, 1.5383760929107666, 0.6104971766471863, 0.31749817728996277]","[0.5617977380752563, 0.7110754251480103, 0.7399678826332092, 0.7913322448730469, 0.7849116921424866, 0.7817014455795288, 0.7913322448730469, 0.8828250169754028, 0.874799370765686, 0.8635634183883667, 0.8715890645980835, 0.8651685118675232, 0.8956661224365234, 0.8844301700592041, 0.8812199234962463, 0.9149277806282043, 0.9052969217300415, 0.9229534268379211, 0.9020866751670837, 0.9181380271911621, 0.8908507227897644, 0.8812199234962463, 0.898876428604126, 0.9020866751670837, 0.9165329337120056, 0.9133226275444031, 0.8956661224365234, 0.9101123809814453, 0.9261637330055237, 0.927768886089325, 0.898876428604126, 0.9197431802749634, 0.9245585799217224, 0.9406099319458008, 0.927768886089325, 0.9245585799217224, 0.9213483333587646, 0.9293739795684814, 0.9149277806282043, 0.9582664370536804, 0.927768886089325, 0.9406099319458008, 0.9454253315925598, 0.9293739795684814, 0.9293739795684814, 0.9197431802749634, 0.9534510374069214, 0.9502407908439636, 0.9357945322990417, 0.9406099319458008, 0.9646869897842407, 0.9390048384666443, 0.9454253315925598, 0.9454253315925598, 0.9566613435745239, 0.9534510374069214, 0.9630818367004395, 0.9502407908439636, 0.9598715901374817, 0.9582664370536804, 0.937399685382843, 0.9518458843231201, 0.9534510374069214, 0.966292142868042, 0.9646869897842407, 0.9630818367004395, 0.9775280952453613, 0.9582664370536804, 0.9582664370536804, 0.9566613435745239, 0.9534510374069214, 0.9518458843231201, 0.9117174744606018, 0.9470304846763611, 0.966292142868042, 0.9630818367004395, 0.9630818367004395, 0.9598715901374817, 0.971107542514801, 0.9582664370536804, 0.966292142868042, 0.9534510374069214, 0.9775280952453613, 0.9646869897842407, 0.9566613435745239, 0.9695023894309998]","[0.16185897588729858, 0.16185897588729858, 0.16185897588729858, 0.16185897588729858, 0.2371794879436493, 0.6554487347602844, 0.629807710647583, 0.5544871687889099, 0.9022436141967773, 0.9022436141967773, 0.5272436141967773, 0.7387820482254028, 0.75, 0.8942307829856873, 0.9375, 0.9310897588729858, 0.9214743375778198, 0.9487179517745972, 0.6153846383094788, 0.7804487347602844, 0.9407051205635071, 0.5737179517745972, 0.29487180709838867, 0.7756410241127014, 0.9038461446762085, 0.9358974099159241, 0.1538461595773697, 0.6714743375778198, 0.6746794581413269, 0.8541666865348816, 0.8477563858032227, 0.9342948794364929, 0.7019230723381042, 0.9407051205635071, 0.9679487347602844, 0.6169871687889099, 0.24519230425357819, 0.4166666567325592, 0.7051281929016113, 0.9679487347602844, 0.9727563858032227, 0.9407051205635071, 0.9150640964508057, 0.9631410241127014, 0.6971153616905212, 0.8205128312110901, 0.7516025900840759, 0.9519230723381042, 0.8044871687889099, 0.9727563858032227, 0.9631410241127014, 0.9759615659713745, 0.5496794581413269, 0.9182692170143127, 0.46955129504203796, 0.9807692170143127, 0.9615384340286255, 0.8269230723381042, 0.8942307829856873, 0.9663461446762085, 0.8830128312110901, 0.5352563858032227, 0.6810897588729858, 0.9551281929016113, 0.9567307829856873, 0.9663461446762085, 0.9711538553237915, 0.9711538553237915, 0.9134615659713745, 0.9567307829856873, 0.9679487347602844, 0.9567307829856873, 0.7435897588729858, 0.2916666567325592, 0.9615384340286255, 0.9711538553237915, 0.9647436141967773, 0.9775640964508057, 0.9631410241127014, 0.9647436141967773, 0.9535256624221802, 0.9583333134651184, 0.9727563858032227, 0.6810897588729858, 0.9391025900840759, 0.8830128312110901]",52.758113384246826,0.9867788461538461,"[[153   0   0   0   0   0]
 [  7 154   1   0   0   0]
 [  0   0 152   0   0   0]
 [  0   0   0 119   0   0]
 [  0   0   0   0 121   0]
 [  0   0   0   0   3 122]]",3,256
10,"[1.166221261024475, 0.9191031455993652, 0.7001635432243347, 0.6121407151222229, 0.5895020365715027, 0.47958123683929443, 0.4221574366092682, 0.5469163656234741, 0.39916765689849854, 0.508573055267334, 0.40526264905929565, 0.45776018500328064, 0.36445537209510803, 0.28671181201934814, 0.2966215908527374, 0.3849964439868927, 0.2752073109149933, 0.30478185415267944, 0.2958664000034332, 0.3005879819393158, 0.261563241481781, 0.21469885110855103, 0.28003233671188354, 0.22803224623203278, 0.17039258778095245, 0.2191610038280487, 0.18698735535144806, 0.25016358494758606, 0.2259698510169983, 0.2346474826335907, 0.1886090338230133, 0.21431083977222443, 0.23071710765361786, 0.16367022693157196, 0.16098247468471527, 0.27035418152809143, 0.23538616299629211, 0.2725149691104889, 0.20215709507465363, 0.13645119965076447, 0.13823547959327698, 0.15282098948955536, 0.17118649184703827, 0.1870504915714264, 0.1268145889043808, 0.16018471121788025, 0.16338148713111877, 0.2149125039577484, 0.21203389763832092, 0.1339288353919983, 0.18117022514343262, 0.1041618213057518, 0.13965576887130737, 0.1996040791273117, 0.1639236956834793, 0.16929854452610016, 0.1362616866827011, 0.12059318274259567, 0.18270713090896606, 0.1680012196302414, 0.10065510123968124, 0.2034890204668045, 0.12350273877382278, 0.12503427267074585, 0.11683908104896545, 0.12254108488559723, 0.1266157627105713, 0.17076948285102844, 0.08479458838701248]","[5.69004487991333, 8.811594009399414, 7.368763446807861, 7.317519664764404, 5.122584819793701, 2.1458370685577393, 0.6824958920478821, 2.13570499420166, 0.9229971766471863, 7.900600910186768, 1.142257571220398, 0.5489611029624939, 0.17196014523506165, 0.19548310339450836, 10.050323486328125, 1.871484398841858, 0.12267349660396576, 0.616510808467865, 0.1732623428106308, 0.14191120862960815, 1.0082584619522095, 0.23947493731975555, 0.10529953241348267, 0.852389395236969, 0.12831351161003113, 1.69542396068573, 0.3818507790565491, 0.20557357370853424, 0.12688441574573517, 0.11516036838293076, 0.10442953556776047, 4.127649784088135, 97.978271484375, 0.24796272814273834, 0.18628431856632233, 0.2713702917098999, 0.15184366703033447, 0.10117793083190918, 0.07090520113706589, 0.22764843702316284, 0.16645120084285736, 0.1088738664984703, 0.12614256143569946, 0.1210726872086525, 0.09315060824155807, 0.06632537394762039, 1.3710296154022217, 0.21375565230846405, 0.17906074225902557, 0.16413076221942902, 0.11341901868581772, 0.09514592587947845, 0.12892985343933105, 0.3782370984554291, 0.2075122743844986, 0.16493847966194153, 0.09912849217653275, 0.08841554075479507, 2.414127826690674, 0.1572621911764145, 0.09901906549930573, 0.18543238937854767, 2.1094202995300293, 7.866373538970947, 0.21946413815021515, 0.09026166051626205, 0.06761220842599869, 3.746973991394043, 0.24294747412204742]","[0.6147672533988953, 0.675762414932251, 0.7865168452262878, 0.7929373979568481, 0.812199056148529, 0.8378812074661255, 0.8603531122207642, 0.8266452550888062, 0.8523274660110474, 0.8186196088790894, 0.8651685118675232, 0.8571428656578064, 0.8780096173286438, 0.9117174744606018, 0.9101123809814453, 0.8812199234962463, 0.9069020748138428, 0.8972712755203247, 0.9020866751670837, 0.9069020748138428, 0.9117174744606018, 0.9341893792152405, 0.9133226275444031, 0.927768886089325, 0.9486356377601624, 0.9309791326522827, 0.937399685382843, 0.908507227897644, 0.9261637330055237, 0.927768886089325, 0.942215085029602, 0.9229534268379211, 0.9149277806282043, 0.9357945322990417, 0.9502407908439636, 0.9165329337120056, 0.9181380271911621, 0.9069020748138428, 0.9390048384666443, 0.9550561904907227, 0.9598715901374817, 0.9309791326522827, 0.9470304846763611, 0.9438202381134033, 0.9630818367004395, 0.9390048384666443, 0.9550561904907227, 0.927768886089325, 0.9390048384666443, 0.9598715901374817, 0.9470304846763611, 0.9646869897842407, 0.9502407908439636, 0.9406099319458008, 0.9582664370536804, 0.9486356377601624, 0.961476743221283, 0.9630818367004395, 0.9518458843231201, 0.9518458843231201, 0.9598715901374817, 0.9406099319458008, 0.961476743221283, 0.966292142868042, 0.9598715901374817, 0.961476743221283, 0.9582664370536804, 0.9502407908439636, 0.971107542514801]","[0.14903846383094788, 0.14903846383094788, 0.16185897588729858, 0.16185897588729858, 0.16185897588729858, 0.4294871687889099, 0.7852563858032227, 0.6105769276618958, 0.6618589758872986, 0.3461538553237915, 0.6410256624221802, 0.8573718070983887, 0.9310897588729858, 0.9278846383094788, 0.16185897588729858, 0.47275641560554504, 0.9551281929016113, 0.7676281929016113, 0.9310897588729858, 0.932692289352417, 0.6682692170143127, 0.9166666865348816, 0.9583333134651184, 0.6891025900840759, 0.9615384340286255, 0.5785256624221802, 0.9118589758872986, 0.942307710647583, 0.9599359035491943, 0.9599359035491943, 0.9679487347602844, 0.18108974397182465, 0.1538461595773697, 0.9375, 0.9439102411270142, 0.8894230723381042, 0.9551281929016113, 0.9695512652397156, 0.9807692170143127, 0.932692289352417, 0.9471153616905212, 0.9663461446762085, 0.9631410241127014, 0.9647436141967773, 0.9711538553237915, 0.9775640964508057, 0.5224359035491943, 0.9358974099159241, 0.9391025900840759, 0.9375, 0.9615384340286255, 0.9727563858032227, 0.9695512652397156, 0.8653846383094788, 0.9198718070983887, 0.9551281929016113, 0.9631410241127014, 0.9727563858032227, 0.3541666567325592, 0.9583333134651184, 0.9647436141967773, 0.9391025900840759, 0.4038461446762085, 0.22275641560554504, 0.9278846383094788, 0.9647436141967773, 0.9791666865348816, 0.28525641560554504, 0.9230769276618958]",50.12440490722656,0.9759615384615384,"[[151   2   0   0   0   0]
 [  9 150   3   0   0   0]
 [  0   0 152   0   0   0]
 [  0   0   0 119   0   0]
 [  0   0   0   2 117   2]
 [  0   0   0   0   2 123]]",3,512
11,"[1.3827956914901733, 1.0624490976333618, 0.7856729030609131, 0.7240200638771057, 0.5726657509803772, 0.6740429997444153, 0.6348897814750671, 0.5053408741950989, 0.5675929188728333, 0.5202538967132568, 0.4125669300556183, 0.4390691816806793, 0.40034493803977966, 0.2867659330368042, 0.36011436581611633, 0.3744216859340668, 0.39982444047927856, 0.2593095004558563, 0.25297054648399353, 0.20227530598640442, 0.2462599277496338, 0.38750186562538147, 0.2906125485897064, 0.28459760546684265, 0.3087789714336395, 0.2116643339395523, 0.2892550826072693, 0.20116651058197021, 0.19349658489227295, 0.24359485507011414, 0.13293859362602234, 0.1848723292350769, 0.230217844247818, 0.2872922122478485, 0.3219699561595917, 0.1994265615940094, 0.18631039559841156, 0.23408854007720947, 0.22018557786941528, 0.1870257705450058, 0.15634706616401672, 0.18206354975700378, 0.23332953453063965, 0.16353362798690796, 0.1774759739637375, 0.15333615243434906, 0.178258016705513, 0.20568908751010895, 0.16378438472747803, 0.16276919841766357, 0.205527201294899, 0.15116676688194275, 0.17529615759849548, 0.2236732691526413, 0.17376647889614105, 0.27024760842323303, 0.11540021002292633]","[14.59319019317627, 12.240105628967285, 10.154436111450195, 11.129307746887207, 5.814707279205322, 1.8809369802474976, 1.029295802116394, 0.9736062288284302, 1.0629940032958984, 0.8027687668800354, 0.1825253814458847, 0.3773438036441803, 0.1396852284669876, 0.6781074404716492, 0.15359936654567719, 0.1862836480140686, 0.4351361095905304, 0.0974917933344841, 0.12344695627689362, 0.19000853598117828, 0.1988506019115448, 0.296143501996994, 0.497862309217453, 0.286451131105423, 0.37452951073646545, 0.19079670310020447, 0.13650250434875488, 0.6084827184677124, 2.03936767578125, 1.2488077878952026, 0.1770545244216919, 0.11358895897865295, 0.5638019442558289, 6.468735218048096, 1.3138254880905151, 0.19337011873722076, 0.13711531460285187, 0.07226375490427017, 0.2320130616426468, 0.14299878478050232, 0.13375619053840637, 0.2525312006473541, 0.14188651740550995, 0.19040918350219727, 0.10200021415948868, 0.46834272146224976, 10.218826293945312, 0.864613950252533, 0.08884258568286896, 0.23412728309631348, 0.46668022871017456, 0.21957947313785553, 0.18860967457294464, 0.15510638058185577, 0.09976156800985336, 0.37790581583976746, 2.619462251663208]","[0.617977499961853, 0.7062600255012512, 0.7608346939086914, 0.7800962924957275, 0.8170144557952881, 0.8041733503341675, 0.8138041496276855, 0.8475120663642883, 0.8362760543823242, 0.841091513633728, 0.8812199234962463, 0.8587480187416077, 0.8715890645980835, 0.8972712755203247, 0.8924558758735657, 0.898876428604126, 0.8796147704124451, 0.9101123809814453, 0.9197431802749634, 0.9390048384666443, 0.9293739795684814, 0.8828250169754028, 0.9069020748138428, 0.9197431802749634, 0.9197431802749634, 0.9390048384666443, 0.9197431802749634, 0.932584285736084, 0.9438202381134033, 0.927768886089325, 0.961476743221283, 0.9390048384666443, 0.9309791326522827, 0.9213483333587646, 0.9165329337120056, 0.9502407908439636, 0.942215085029602, 0.9357945322990417, 0.937399685382843, 0.942215085029602, 0.9534510374069214, 0.9438202381134033, 0.9406099319458008, 0.9534510374069214, 0.9454253315925598, 0.9486356377601624, 0.942215085029602, 0.9470304846763611, 0.9406099319458008, 0.9518458843231201, 0.9293739795684814, 0.9518458843231201, 0.9534510374069214, 0.9534510374069214, 0.9454253315925598, 0.9341893792152405, 0.9646869897842407]","[0.16185897588729858, 0.16185897588729858, 0.16185897588729858, 0.16185897588729858, 0.20192307233810425, 0.5897436141967773, 0.6410256624221802, 0.6698718070983887, 0.7243589758872986, 0.7884615659713745, 0.9439102411270142, 0.8653846383094788, 0.9583333134651184, 0.817307710647583, 0.9535256624221802, 0.9455128312110901, 0.8830128312110901, 0.9647436141967773, 0.9615384340286255, 0.942307710647583, 0.9439102411270142, 0.8878205418586731, 0.8557692170143127, 0.9487179517745972, 0.8894230723381042, 0.9278846383094788, 0.9791666865348816, 0.8477563858032227, 0.5528846383094788, 0.6025640964508057, 0.9551281929016113, 0.9759615659713745, 0.7932692170143127, 0.3701923191547394, 0.6490384340286255, 0.9455128312110901, 0.9503205418586731, 0.9743589758872986, 0.942307710647583, 0.9487179517745972, 0.9663461446762085, 0.9294871687889099, 0.9567307829856873, 0.9551281929016113, 0.9679487347602844, 0.8669871687889099, 0.1666666716337204, 0.692307710647583, 0.9711538553237915, 0.9375, 0.8509615659713745, 0.9358974099159241, 0.9567307829856873, 0.9535256624221802, 0.9711538553237915, 0.8926281929016113, 0.4246794879436493]",54.851420640945435,0.9711538461538461,"[[149   4   0   0   0   0]
 [  5 153   4   0   0   0]
 [  0   2 150   0   0   0]
 [  0   0   0 119   0   0]
 [  0   0   0   5 112   4]
 [  0   0   0   0   0 125]]",3,1024
12,"[1.7976195812225342, 1.3878346681594849, 1.2440729141235352, 1.1334680318832397, 1.0598539113998413, 0.9962517023086548, 0.8769304752349854, 0.8738808035850525, 0.7572674751281738, 0.8668084740638733, 0.7654411792755127, 0.7367660999298096, 0.7098869681358337, 0.7561818361282349, 0.6054354906082153, 0.6509777307510376, 0.5909355282783508, 0.5428165793418884, 0.5138751864433289, 0.5285163521766663, 0.5757838487625122, 0.5186087489128113, 0.4257231056690216, 0.4666007459163666, 0.4009999930858612, 0.39981210231781006, 0.3827970623970032, 0.4232826232910156, 0.4373086094856262, 0.3902131915092468, 0.42591342329978943, 0.4722171425819397, 0.3874415457248688, 0.41046276688575745, 0.34786051511764526, 0.40571069717407227, 0.35918721556663513, 0.30624812841415405, 0.3167734146118164, 0.3299374282360077, 0.33158260583877563, 0.2543994188308716, 0.3369458019733429, 0.29434525966644287, 0.27131640911102295, 0.31795766949653625, 0.315350741147995, 0.3090481460094452, 0.23818033933639526, 0.2679823935031891, 0.3133343458175659, 0.316787451505661, 0.38812005519866943, 0.2739708721637726, 0.3149246871471405, 0.24708865582942963, 0.28639230132102966, 0.30720648169517517, 0.27033135294914246, 0.31754884123802185, 0.22253897786140442, 0.2464313954114914, 0.27204960584640503, 0.22940634191036224, 0.217765673995018, 0.24220454692840576, 0.27198371291160583, 0.22874069213867188, 0.26869332790374756, 0.2680732309818268, 0.19959571957588196, 0.23145413398742676, 0.26305317878723145, 0.23295874893665314, 0.2525233030319214, 0.2072553038597107, 0.23985347151756287, 0.23178233206272125, 0.25761914253234863, 0.2557612955570221, 0.1956319361925125, 0.1532498300075531, 0.21125800907611847, 0.1834106743335724, 0.1843138486146927, 0.20968975126743317, 0.18075181543827057, 0.21158084273338318, 0.16906391084194183, 0.24444210529327393, 0.14692182838916779, 0.1555868685245514, 0.17695854604244232, 0.20044028759002686, 0.28915441036224365, 0.19745953381061554, 0.22626028954982758, 0.19347639381885529, 0.16956043243408203, 0.22306641936302185]","[2.8704235553741455, 5.030048370361328, 5.0835795402526855, 5.347497463226318, 2.7996652126312256, 1.1182137727737427, 0.8572311401367188, 0.8792779445648193, 0.5114341974258423, 0.5940545797348022, 0.2868482768535614, 0.3671319782733917, 0.3069823384284973, 2.5094518661499023, 0.4381410777568817, 2.4761781692504883, 0.6026396155357361, 7.589099407196045, 1.0928599834442139, 0.2358662486076355, 0.4357444643974304, 0.3195101320743561, 0.300407350063324, 0.46225181221961975, 0.24047726392745972, 0.15772230923175812, 0.33351677656173706, 0.21987873315811157, 0.43398773670196533, 1.5222392082214355, 4.503366947174072, 0.8033413290977478, 0.39637842774391174, 0.4279581308364868, 0.16359803080558777, 0.18023093044757843, 0.11958666145801544, 0.08594923466444016, 1.102939248085022, 0.13200560212135315, 0.14408238232135773, 1.2123830318450928, 0.22096069157123566, 0.12840254604816437, 0.13504186272621155, 0.4129579961299896, 1.0377006530761719, 0.16002406179904938, 0.13484381139278412, 0.37556806206703186, 0.490511417388916, 0.36570650339126587, 0.3176627457141876, 0.35947751998901367, 0.10721299797296524, 0.23019756376743317, 0.09973800927400589, 0.10738138109445572, 0.1380814164876938, 0.6551762223243713, 4.061670780181885, 0.08318453282117844, 0.0949869304895401, 0.07813248038291931, 1.0922025442123413, 3.614384651184082, 0.51693195104599, 0.09773197770118713, 0.11879482120275497, 0.5488839149475098, 0.20034955441951752, 0.3832859992980957, 1.5770078897476196, 0.1576251983642578, 0.10692579299211502, 0.9986349940299988, 0.0671059861779213, 0.08249445259571075, 0.30046477913856506, 0.9740457534790039, 0.2174290418624878, 9.494475364685059, 0.4271490275859833, 0.22165264189243317, 0.07668989151716232, 0.06886390596628189, 0.13991406559944153, 0.11893577873706818, 0.16946853697299957, 0.070938840508461, 0.1305922120809555, 0.14812278747558594, 0.09250904619693756, 0.07250487804412842, 1.6146669387817383, 0.08058614283800125, 5.901713848114014, 3.1036033630371094, 0.8705527186393738, 0.13462921977043152]","[0.3659711182117462, 0.4911717474460602, 0.5345104336738586, 0.5955055952072144, 0.6051364541053772, 0.5971107482910156, 0.6629213690757751, 0.6548956632614136, 0.6982343792915344, 0.6773675680160522, 0.7078651785850525, 0.7495987415313721, 0.7271267771720886, 0.7495987415313721, 0.778491199016571, 0.7592295408248901, 0.7913322448730469, 0.8009631037712097, 0.8234350085258484, 0.8041733503341675, 0.8025681972503662, 0.8346709609031677, 0.8394863605499268, 0.8555377125740051, 0.8619582653045654, 0.8667736649513245, 0.8587480187416077, 0.8635634183883667, 0.8426966071128845, 0.874799370765686, 0.8555377125740051, 0.8491171598434448, 0.8731942176818848, 0.8764045238494873, 0.8780096173286438, 0.8571428656578064, 0.8860353231430054, 0.9133226275444031, 0.8924558758735657, 0.8731942176818848, 0.8972712755203247, 0.9229534268379211, 0.903691828250885, 0.898876428604126, 0.9133226275444031, 0.8924558758735657, 0.8908507227897644, 0.9020866751670837, 0.9181380271911621, 0.9165329337120056, 0.8940609693527222, 0.8956661224365234, 0.8780096173286438, 0.9197431802749634, 0.9020866751670837, 0.908507227897644, 0.9149277806282043, 0.9020866751670837, 0.903691828250885, 0.8844301700592041, 0.932584285736084, 0.9309791326522827, 0.9165329337120056, 0.9261637330055237, 0.9213483333587646, 0.9197431802749634, 0.8940609693527222, 0.9213483333587646, 0.9069020748138428, 0.9197431802749634, 0.9341893792152405, 0.9213483333587646, 0.903691828250885, 0.9261637330055237, 0.9149277806282043, 0.942215085029602, 0.9197431802749634, 0.9341893792152405, 0.9213483333587646, 0.9149277806282043, 0.942215085029602, 0.9406099319458008, 0.9197431802749634, 0.9534510374069214, 0.9534510374069214, 0.9357945322990417, 0.9390048384666443, 0.937399685382843, 0.9438202381134033, 0.9229534268379211, 0.9518458843231201, 0.9486356377601624, 0.9438202381134033, 0.932584285736084, 0.9309791326522827, 0.942215085029602, 0.9197431802749634, 0.9341893792152405, 0.9518458843231201, 0.942215085029602]","[0.14903846383094788, 0.14903846383094788, 0.14903846383094788, 0.14903846383094788, 0.19070513546466827, 0.5512820482254028, 0.625, 0.6378205418586731, 0.8157051205635071, 0.8044871687889099, 0.9262820482254028, 0.875, 0.8846153616905212, 0.4951923191547394, 0.8862179517745972, 0.1875, 0.7403846383094788, 0.1538461595773697, 0.6362179517745972, 0.9070512652397156, 0.8349359035491943, 0.8846153616905212, 0.9022436141967773, 0.8605769276618958, 0.9150640964508057, 0.9407051205635071, 0.8878205418586731, 0.9198718070983887, 0.8541666865348816, 0.5721153616905212, 0.19070513546466827, 0.7211538553237915, 0.8782051205635071, 0.8509615659713745, 0.932692289352417, 0.9535256624221802, 0.9535256624221802, 0.9727563858032227, 0.5865384340286255, 0.9615384340286255, 0.9407051205635071, 0.5384615659713745, 0.942307710647583, 0.9631410241127014, 0.9471153616905212, 0.8605769276618958, 0.7467948794364929, 0.9503205418586731, 0.9535256624221802, 0.8830128312110901, 0.8669871687889099, 0.8910256624221802, 0.8557692170143127, 0.8974359035491943, 0.9711538553237915, 0.9262820482254028, 0.9615384340286255, 0.9647436141967773, 0.9631410241127014, 0.6506410241127014, 0.16185897588729858, 0.9727563858032227, 0.9759615659713745, 0.9711538553237915, 0.5641025900840759, 0.18429486453533173, 0.807692289352417, 0.9679487347602844, 0.9599359035491943, 0.8125, 0.9471153616905212, 0.8846153616905212, 0.5256410241127014, 0.932692289352417, 0.9615384340286255, 0.6730769276618958, 0.9807692170143127, 0.9743589758872986, 0.8910256624221802, 0.7003205418586731, 0.9198718070983887, 0.1538461595773697, 0.8669871687889099, 0.9342948794364929, 0.9743589758872986, 0.9775640964508057, 0.9519230723381042, 0.9567307829856873, 0.9455128312110901, 0.9823718070983887, 0.9519230723381042, 0.9679487347602844, 0.9679487347602844, 0.9759615659713745, 0.4919871687889099, 0.9679487347602844, 0.26442307233810425, 0.2083333283662796, 0.6650640964508057, 0.9535256624221802]",62.437596797943115,0.9663461538461539,"[[142   0   0  11   0   0]
 [  6 151   5   0   0   0]
 [  0   3 149   0   0   0]
 [  0   0   0 119   0   0]
 [  0   0   0   0 121   0]
 [  0   0   0   0   3 122]]",4,128
13,"[1.7763285636901855, 1.3641259670257568, 1.095609426498413, 0.975831925868988, 0.8581026792526245, 0.8632869124412537, 0.6449921131134033, 0.6770868301391602, 0.6905335187911987, 0.6086113452911377, 0.5810407996177673, 0.7022296786308289, 0.5297494530677795, 0.5910378098487854, 0.43770861625671387, 0.5929223299026489, 0.4811673164367676, 0.4705178141593933, 0.4401927590370178, 0.45782652497291565, 0.3746993839740753, 0.35228097438812256, 0.3305886685848236, 0.3562339246273041, 0.3684174120426178, 0.3433719873428345, 0.3612075746059418, 0.27461159229278564, 0.2833710312843323, 0.3537185788154602, 0.3330640196800232, 0.2858884334564209, 0.2967139780521393, 0.27271661162376404, 0.2730772793292999, 0.36345893144607544, 0.26419171690940857, 0.23796287178993225, 0.21225576102733612, 0.2160339057445526, 0.2719102203845978, 0.22682584822177887, 0.2792898714542389, 0.2775196135044098, 0.2398134171962738, 0.22125650942325592, 0.21138738095760345, 0.19541174173355103, 0.16913345456123352, 0.19513864815235138, 0.2431999146938324, 0.22268162667751312, 0.30332252383232117, 0.26636621356010437, 0.18252594769001007, 0.13992169499397278, 0.23880276083946228, 0.23009702563285828, 0.2750175893306732, 0.19030094146728516, 0.1812339425086975, 0.17030860483646393, 0.15022118389606476, 0.19577988982200623, 0.14351224899291992, 0.14148613810539246]","[3.9395782947540283, 4.618757247924805, 4.168460369110107, 4.994147777557373, 4.009802341461182, 0.48897039890289307, 0.5215471982955933, 0.9824631810188293, 1.4383914470672607, 0.41260749101638794, 0.6200289130210876, 0.8463711738586426, 0.8866709470748901, 0.6463752388954163, 0.2873513996601105, 0.7246261239051819, 0.3283191919326782, 0.5872669219970703, 0.3386543095111847, 2.164292097091675, 2.104692220687866, 0.38274839520454407, 0.5681930184364319, 2.0915591716766357, 0.3435858190059662, 0.7584244012832642, 0.2077961266040802, 0.12807925045490265, 0.5925059914588928, 0.5810886025428772, 0.18459151685237885, 0.330704927444458, 0.3001672923564911, 0.20781342685222626, 0.17950689792633057, 0.0897250697016716, 2.886033773422241, 0.12949702143669128, 0.1488213688135147, 0.06901690363883972, 2.0524492263793945, 0.8094565272331238, 0.17045244574546814, 0.28912898898124695, 7.982047080993652, 0.3349113464355469, 0.11536966264247894, 0.15192455053329468, 0.08406490087509155, 0.15444745123386383, 0.16792519390583038, 0.10267262905836105, 7.926567077636719, 0.24610522389411926, 0.20398451387882233, 0.09098844230175018, 0.09713694453239441, 0.5699195861816406, 1.5991877317428589, 0.07502039521932602, 0.18251386284828186, 0.11174894124269485, 0.08495648950338364, 0.12110070884227753, 0.0931682214140892, 0.10341139137744904]","[0.41252005100250244, 0.540930986404419, 0.5939005017280579, 0.6260032057762146, 0.6902086734771729, 0.7030497789382935, 0.7640449404716492, 0.7640449404716492, 0.7720706462860107, 0.7752808928489685, 0.8009631037712097, 0.7720706462860107, 0.8009631037712097, 0.8138041496276855, 0.8234350085258484, 0.812199056148529, 0.8186196088790894, 0.8394863605499268, 0.8491171598434448, 0.8314606547355652, 0.8683788180351257, 0.8651685118675232, 0.8764045238494873, 0.8780096173286438, 0.8844301700592041, 0.8764045238494873, 0.8780096173286438, 0.9020866751670837, 0.9004815220832825, 0.8764045238494873, 0.8908507227897644, 0.9117174744606018, 0.8940609693527222, 0.9117174744606018, 0.903691828250885, 0.8780096173286438, 0.9052969217300415, 0.9117174744606018, 0.9229534268379211, 0.9293739795684814, 0.9133226275444031, 0.9197431802749634, 0.9133226275444031, 0.9069020748138428, 0.9165329337120056, 0.9229534268379211, 0.9293739795684814, 0.9309791326522827, 0.9470304846763611, 0.9357945322990417, 0.9245585799217224, 0.9293739795684814, 0.903691828250885, 0.9165329337120056, 0.9486356377601624, 0.9502407908439636, 0.9438202381134033, 0.9261637330055237, 0.9261637330055237, 0.9229534268379211, 0.9438202381134033, 0.9534510374069214, 0.942215085029602, 0.9390048384666443, 0.9470304846763611, 0.942215085029602]","[0.14903846383094788, 0.14903846383094788, 0.16025641560554504, 0.16185897588729858, 0.16185897588729858, 0.875, 0.8092948794364929, 0.7483974099159241, 0.43589743971824646, 0.8766025900840759, 0.7580128312110901, 0.7291666865348816, 0.7371794581413269, 0.8205128312110901, 0.9102563858032227, 0.7195512652397156, 0.8862179517745972, 0.8397436141967773, 0.8926281929016113, 0.3493589758872986, 0.33974358439445496, 0.875, 0.8349359035491943, 0.6217948794364929, 0.8846153616905212, 0.7467948794364929, 0.9086538553237915, 0.9439102411270142, 0.807692289352417, 0.8141025900840759, 0.932692289352417, 0.8990384340286255, 0.8958333134651184, 0.9407051205635071, 0.942307710647583, 0.9791666865348816, 0.40705129504203796, 0.9615384340286255, 0.9342948794364929, 0.9711538553237915, 0.5384615659713745, 0.7355769276618958, 0.9535256624221802, 0.9102563858032227, 0.15544871985912323, 0.8910256624221802, 0.9535256624221802, 0.9407051205635071, 0.9599359035491943, 0.9519230723381042, 0.9358974099159241, 0.9615384340286255, 0.3173076808452606, 0.9166666865348816, 0.9102563858032227, 0.9663461446762085, 0.9679487347602844, 0.8012820482254028, 0.5432692170143127, 0.9775640964508057, 0.9278846383094788, 0.9599359035491943, 0.9711538553237915, 0.9663461446762085, 0.9679487347602844, 0.9727563858032227]",41.30246329307556,0.9759615384615384,"[[153   0   0   0   0   0]
 [  5 157   0   0   0   0]
 [  0   4 148   0   0   0]
 [  0   0   0 111   8   0]
 [  0   0   0   0 119   2]
 [  0   0   0   0   1 124]]",4,256
14,"[1.6662789583206177, 1.1475496292114258, 1.145274043083191, 0.9424594044685364, 0.8152039647102356, 0.7934101819992065, 0.6432479023933411, 0.6478978395462036, 0.5896077752113342, 0.5818479061126709, 0.6085678935050964, 0.526404619216919, 0.4177287220954895, 0.41221415996551514, 0.43569430708885193, 0.4384448230266571, 0.4022161364555359, 0.35517585277557373, 0.28142237663269043, 0.3086807131767273, 0.2612806260585785, 0.35131263732910156, 0.3317064940929413, 0.29505667090415955, 0.2673703134059906, 0.26444104313850403, 0.233520045876503, 0.3772270977497101, 0.29871249198913574, 0.2632681727409363, 0.19096219539642334, 0.27905192971229553, 0.22325251996517181, 0.2367831915616989, 0.19937746226787567, 0.14281415939331055, 0.25522807240486145, 0.23681366443634033, 0.2617562413215637, 0.20242899656295776, 0.21453310549259186, 0.18070745468139648, 0.16342440247535706, 0.19808579981327057, 0.2590867877006531, 0.25209668278694153, 0.27144452929496765, 0.1804707646369934, 0.294744610786438, 0.22791631519794464, 0.15448835492134094, 0.21504995226860046, 0.20213192701339722, 0.18679215013980865, 0.2027769237756729, 0.14596542716026306, 0.17398926615715027, 0.18681393563747406, 0.2104029506444931, 0.13792666792869568, 0.1203896552324295, 0.14817297458648682, 0.16896291077136993, 0.23240771889686584, 0.29449236392974854, 0.15865951776504517, 0.1127089262008667, 0.20035694539546967, 0.15210309624671936, 0.19603054225444794, 0.1298687607049942, 0.1560935378074646, 0.13761602342128754, 0.17180746793746948]","[3.1682698726654053, 6.525010108947754, 5.706031322479248, 5.775808811187744, 1.84233820438385, 2.46600079536438, 0.8114871382713318, 0.3958406448364258, 0.43215933442115784, 0.7901145219802856, 0.3546142876148224, 7.302220821380615, 0.29926609992980957, 0.19958190619945526, 0.15950986742973328, 0.2673933804035187, 0.154309943318367, 0.2654724419116974, 0.44655641913414, 0.530680239200592, 0.2172163724899292, 1.3177064657211304, 0.20483019948005676, 3.54015851020813, 0.6091572046279907, 4.4827446937561035, 0.1632688045501709, 0.17410975694656372, 0.26285287737846375, 0.08905889093875885, 0.1609659492969513, 0.2703302204608917, 0.3217305839061737, 0.19207808375358582, 0.10897626727819443, 0.17850181460380554, 5.049196720123291, 0.36895743012428284, 0.12281639128923416, 0.16148324310779572, 0.08126545697450638, 0.5515095591545105, 0.08274847269058228, 0.06852920353412628, 1.7924319505691528, 1.009575366973877, 0.17578719556331635, 0.0811271220445633, 0.44077444076538086, 0.11693505942821503, 0.10337276756763458, 0.12928634881973267, 0.15783660113811493, 0.12243393063545227, 0.07732350379228592, 0.09917502850294113, 2.250800609588623, 0.26403310894966125, 0.17060375213623047, 0.1858794242143631, 7.095407962799072, 0.14479407668113708, 0.16655991971492767, 0.1689462810754776, 1.276076078414917, 0.09588535875082016, 0.288394033908844, 0.07506343722343445, 0.16642378270626068, 0.13054800033569336, 0.14300838112831116, 0.407694548368454, 0.07433915883302689, 0.2858528792858124]","[0.4751203954219818, 0.6099518537521362, 0.6227929592132568, 0.6741573214530945, 0.7158908247947693, 0.7271267771720886, 0.7672551870346069, 0.7833065986633301, 0.7817014455795288, 0.7993579506874084, 0.7929373979568481, 0.8362760543823242, 0.8491171598434448, 0.8587480187416077, 0.8587480187416077, 0.8571428656578064, 0.8635634183883667, 0.8812199234962463, 0.9004815220832825, 0.8860353231430054, 0.9133226275444031, 0.8860353231430054, 0.8876404762268066, 0.8860353231430054, 0.9117174744606018, 0.9004815220832825, 0.927768886089325, 0.8972712755203247, 0.9069020748138428, 0.9133226275444031, 0.9341893792152405, 0.9101123809814453, 0.9293739795684814, 0.9165329337120056, 0.9454253315925598, 0.9550561904907227, 0.9069020748138428, 0.9245585799217224, 0.9213483333587646, 0.9261637330055237, 0.927768886089325, 0.942215085029602, 0.9438202381134033, 0.9309791326522827, 0.9261637330055237, 0.9052969217300415, 0.8956661224365234, 0.9406099319458008, 0.9197431802749634, 0.9293739795684814, 0.9406099319458008, 0.9357945322990417, 0.9438202381134033, 0.9390048384666443, 0.9293739795684814, 0.9550561904907227, 0.942215085029602, 0.942215085029602, 0.9518458843231201, 0.9534510374069214, 0.9518458843231201, 0.9486356377601624, 0.9454253315925598, 0.9357945322990417, 0.937399685382843, 0.9486356377601624, 0.9582664370536804, 0.9341893792152405, 0.9582664370536804, 0.932584285736084, 0.961476743221283, 0.9486356377601624, 0.961476743221283, 0.9454253315925598]","[0.14903846383094788, 0.16185897588729858, 0.14903846383094788, 0.16185897588729858, 0.46794870495796204, 0.2788461446762085, 0.6442307829856873, 0.8717948794364929, 0.8733974099159241, 0.7724359035491943, 0.8878205418586731, 0.1538461595773697, 0.9262820482254028, 0.9391025900840759, 0.9358974099159241, 0.9166666865348816, 0.9375, 0.9038461446762085, 0.8589743375778198, 0.8766025900840759, 0.932692289352417, 0.7259615659713745, 0.9407051205635071, 0.3044871687889099, 0.7435897588729858, 0.375, 0.9535256624221802, 0.9599359035491943, 0.9358974099159241, 0.9615384340286255, 0.9487179517745972, 0.9006410241127014, 0.8958333134651184, 0.932692289352417, 0.9647436141967773, 0.9519230723381042, 0.19230769574642181, 0.8926281929016113, 0.9535256624221802, 0.9519230723381042, 0.9743589758872986, 0.9022436141967773, 0.9663461446762085, 0.9759615659713745, 0.6185897588729858, 0.8349359035491943, 0.9519230723381042, 0.9647436141967773, 0.8926281929016113, 0.9551281929016113, 0.9615384340286255, 0.9551281929016113, 0.9342948794364929, 0.9567307829856873, 0.9695512652397156, 0.9599359035491943, 0.5993589758872986, 0.9310897588729858, 0.9503205418586731, 0.9294871687889099, 0.30288460850715637, 0.9455128312110901, 0.9471153616905212, 0.9503205418586731, 0.7179487347602844, 0.9663461446762085, 0.9310897588729858, 0.9743589758872986, 0.9519230723381042, 0.9663461446762085, 0.9583333134651184, 0.8541666865348816, 0.9743589758872986, 0.8685897588729858]",52.309166431427,0.9663461538461539,"[[151   2   0   0   0   0]
 [  4 146  12   0   0   0]
 [  0   0 152   0   0   0]
 [  4   0   0 115   0   0]
 [  0   0   0   3 115   3]
 [  0   0   0   0   0 125]]",4,512
15,"[1.9719247817993164, 1.3962156772613525, 1.3931400775909424, 1.0763205289840698, 0.8353191018104553, 0.8271837830543518, 0.8911545276641846, 0.7604946494102478, 0.7155440449714661, 0.5520786643028259, 0.5795100927352905, 0.5570821166038513, 0.5836326479911804, 0.42496007680892944, 0.46215546131134033, 0.4146580994129181, 0.43091633915901184, 0.38742315769195557, 0.3380133807659149, 0.48550498485565186, 0.36365261673927307, 0.2691761255264282, 0.3479467034339905, 0.4089902937412262, 0.44289425015449524, 0.22220556437969208, 0.3157431483268738, 0.3031434714794159, 0.3392818570137024, 0.3368106782436371, 0.21790137887001038, 0.30457329750061035, 0.30245882272720337, 0.26283591985702515, 0.2672508656978607, 0.2682386636734009, 0.2252909541130066, 0.23692990839481354, 0.2029198706150055, 0.2252214103937149, 0.29426369071006775, 0.20138101279735565, 0.2685200273990631, 0.2675047218799591, 0.2580520510673523, 0.1748235523700714, 0.20313963294029236, 0.16654518246650696, 0.28867611289024353, 0.3243967592716217, 0.1923307180404663, 0.2971290647983551]","[3.5727460384368896, 4.877469062805176, 6.676950931549072, 6.685924053192139, 2.1697075366973877, 2.322023630142212, 0.44397491216659546, 0.9903326034545898, 0.8974373936653137, 0.39053869247436523, 1.908160924911499, 0.41428571939468384, 0.33216267824172974, 0.47250428795814514, 0.3337104320526123, 0.19202683866024017, 0.9272868633270264, 0.44196754693984985, 0.8003748655319214, 0.7403945326805115, 0.6145669221878052, 0.0878034383058548, 0.21454238891601562, 0.4149612486362457, 0.16378262639045715, 0.22536544501781464, 0.2988046407699585, 0.1965848058462143, 0.19333010911941528, 0.26895883679389954, 0.2913488745689392, 0.38067328929901123, 0.36711278557777405, 0.5650028586387634, 1.5142385959625244, 0.2312442809343338, 0.18460440635681152, 0.13553494215011597, 0.9187759757041931, 1.5501161813735962, 1.0880495309829712, 0.2942812144756317, 0.2661501467227936, 0.15146030485630035, 0.09081235527992249, 0.14587534964084625, 1.2176434993743896, 0.18528863787651062, 0.5048972368240356, 0.11668454855680466, 0.0943681076169014, 0.2558947801589966]","[0.47191011905670166, 0.6035313010215759, 0.5730336904525757, 0.6805778741836548, 0.7158908247947693, 0.7592295408248901, 0.7447832822799683, 0.7720706462860107, 0.7656500935554504, 0.8218298554420471, 0.8186196088790894, 0.8282504081726074, 0.8186196088790894, 0.8571428656578064, 0.8635634183883667, 0.8683788180351257, 0.8587480187416077, 0.8844301700592041, 0.8940609693527222, 0.8603531122207642, 0.8796147704124451, 0.9149277806282043, 0.8844301700592041, 0.8731942176818848, 0.8715890645980835, 0.9181380271911621, 0.908507227897644, 0.9069020748138428, 0.8940609693527222, 0.8924558758735657, 0.9261637330055237, 0.903691828250885, 0.9101123809814453, 0.908507227897644, 0.927768886089325, 0.9165329337120056, 0.9245585799217224, 0.9341893792152405, 0.9390048384666443, 0.932584285736084, 0.9181380271911621, 0.932584285736084, 0.927768886089325, 0.9309791326522827, 0.9229534268379211, 0.9341893792152405, 0.9293739795684814, 0.9518458843231201, 0.9197431802749634, 0.9245585799217224, 0.9390048384666443, 0.9261637330055237]","[0.16185897588729858, 0.16185897588729858, 0.16185897588729858, 0.16185897588729858, 0.4743589758872986, 0.49358972907066345, 0.8782051205635071, 0.7612179517745972, 0.7756410241127014, 0.8605769276618958, 0.692307710647583, 0.879807710647583, 0.9150640964508057, 0.8878205418586731, 0.8942307829856873, 0.9358974099159241, 0.7115384340286255, 0.8685897588729858, 0.8525640964508057, 0.8541666865348816, 0.8285256624221802, 0.9743589758872986, 0.9455128312110901, 0.8573718070983887, 0.9407051205635071, 0.9102563858032227, 0.9230769276618958, 0.9358974099159241, 0.9471153616905212, 0.9214743375778198, 0.9118589758872986, 0.9022436141967773, 0.9150640964508057, 0.8766025900840759, 0.6137820482254028, 0.942307710647583, 0.9342948794364929, 0.9503205418586731, 0.6987179517745972, 0.6490384340286255, 0.7003205418586731, 0.9246794581413269, 0.9278846383094788, 0.942307710647583, 0.9711538553237915, 0.9615384340286255, 0.7772436141967773, 0.9439102411270142, 0.875, 0.9615384340286255, 0.9695512652397156, 0.9006410241127014]",45.40247917175293,0.9651442307692307,"[[149   3   0   0   1   0]
 [  5 148   7   0   2   0]
 [  0   1 151   0   0   0]
 [  1   0   0 113   5   0]
 [  0   0   0   0 117   4]
 [  0   0   0   0   0 125]]",4,1024
