,training_loss_list,validation_loss_list,training_accuracy_list,validation_accuracy_list,duration_list,accuracy_list,confusion_matrix_list,N_LAYERS_list,N_DENSE_UNITS_list
0,"[1.172642707824707, 0.4702843129634857, 0.32227930426597595, 0.2211153358221054, 0.20604944229125977, 0.1940005123615265, 0.13222329318523407, 0.13258598744869232, 0.12345551699399948, 0.13958832621574402, 0.108430877327919, 0.09096679836511612, 0.09433600306510925, 0.0834161639213562, 0.10206342488527298, 0.12078029662370682, 0.12218538671731949, 0.13801589608192444, 0.09640952944755554, 0.1232142448425293, 0.08557183295488358, 0.06372147053480148, 0.0702030286192894, 0.07995162904262543, 0.09247490763664246, 0.12637118995189667, 0.06307841092348099, 0.09410497546195984, 0.14679975807666779, 0.1382402628660202, 0.06625010073184967, 0.06543987989425659, 0.06045030057430267, 0.0559610016644001, 0.08970366418361664, 0.044150181114673615, 0.034437961876392365, 0.0215892493724823, 0.07611793279647827, 0.03500945121049881, 0.0742671936750412, 0.04133981093764305, 0.03283720090985298, 0.06262607872486115, 0.04221004992723465, 0.04717950150370598, 0.049429476261138916, 0.028610875830054283, 0.32438722252845764, 0.1864345818758011, 0.0962391272187233, 0.07298944890499115, 0.0456724539399147, 0.035122793167829514, 0.06132109463214874, 0.02158423140645027, 0.037202171981334686, 0.015591524541378021, 0.03981197625398636, 0.033982425928115845, 0.013803809881210327, 0.026882903650403023, 0.020592302083969116, 0.09820543974637985, 0.036025337874889374, 0.08932055532932281, 0.04914725944399834]","[0.4583078920841217, 0.31410810351371765, 0.27484121918678284, 0.2418638914823532, 0.7898983955383301, 0.20341147482395172, 0.18341587483882904, 0.19811493158340454, 0.19242416322231293, 0.15335482358932495, 0.2040262073278427, 0.21062615513801575, 0.13100576400756836, 0.32768547534942627, 0.1781989187002182, 0.11669033020734787, 0.4524945914745331, 0.1907680183649063, 0.2038031667470932, 0.15003812313079834, 0.2783074378967285, 0.16109982132911682, 0.16460375487804413, 0.17158865928649902, 0.2761363089084625, 0.1209920272231102, 0.29553887248039246, 0.14623427391052246, 0.15913331508636475, 0.1831260472536087, 0.2933668792247772, 0.11497080326080322, 0.23109440505504608, 0.16378480195999146, 0.1570751816034317, 0.12991201877593994, 0.1556287407875061, 0.15118469297885895, 0.2507173418998718, 0.22903412580490112, 0.22035744786262512, 0.14655838906764984, 0.17269545793533325, 0.210041344165802, 0.09790321439504623, 0.12961792945861816, 0.1523081511259079, 0.23353786766529083, 0.18431058526039124, 0.21563473343849182, 0.25642505288124084, 0.1927751749753952, 0.16470162570476532, 0.19018778204917908, 0.19643233716487885, 0.16383005678653717, 0.1398051530122757, 0.1600082665681839, 0.15599462389945984, 0.12113600224256516, 0.1864662766456604, 0.1437007635831833, 0.0936807319521904, 0.23945282399654388, 0.32639870047569275, 0.19757452607154846, 0.18284709751605988]","[0.5537720918655396, 0.8394863605499268, 0.8860353231430054, 0.9197431802749634, 0.9261637330055237, 0.9357945322990417, 0.9502407908439636, 0.9357945322990417, 0.966292142868042, 0.9438202381134033, 0.9550561904907227, 0.9598715901374817, 0.966292142868042, 0.9695023894309998, 0.9630818367004395, 0.961476743221283, 0.9486356377601624, 0.9518458843231201, 0.9646869897842407, 0.961476743221283, 0.966292142868042, 0.9791332483291626, 0.9775280952453613, 0.9727126955986023, 0.9727126955986023, 0.9550561904907227, 0.9775280952453613, 0.9646869897842407, 0.9502407908439636, 0.9598715901374817, 0.9759229421615601, 0.9759229421615601, 0.9823434948921204, 0.9823434948921204, 0.9743177890777588, 0.9807383418083191, 0.9839486479759216, 0.9935794472694397, 0.9695023894309998, 0.9903692007064819, 0.9727126955986023, 0.9759229421615601, 0.9807383418083191, 0.9839486479759216, 0.9839486479759216, 0.9839486479759216, 0.9759229421615601, 0.9903692007064819, 0.9197431802749634, 0.9406099319458008, 0.9678972959518433, 0.9743177890777588, 0.9839486479759216, 0.9807383418083191, 0.9807383418083191, 0.9903692007064819, 0.9887640476226807, 0.9935794472694397, 0.9855538010597229, 0.9823434948921204, 0.995184600353241, 0.9871588945388794, 0.9903692007064819, 0.971107542514801, 0.9791332483291626, 0.9727126955986023, 0.9791332483291626]","[0.8445512652397156, 0.9038461446762085, 0.9102563858032227, 0.9294871687889099, 0.7435897588729858, 0.932692289352417, 0.9358974099159241, 0.9503205418586731, 0.9310897588729858, 0.9439102411270142, 0.9358974099159241, 0.9455128312110901, 0.9519230723381042, 0.9230769276618958, 0.9375, 0.9647436141967773, 0.9038461446762085, 0.9342948794364929, 0.9535256624221802, 0.9471153616905212, 0.9262820482254028, 0.9599359035491943, 0.9599359035491943, 0.9599359035491943, 0.9278846383094788, 0.9679487347602844, 0.9391025900840759, 0.9599359035491943, 0.9583333134651184, 0.932692289352417, 0.9471153616905212, 0.9695512652397156, 0.9391025900840759, 0.9615384340286255, 0.9583333134651184, 0.9679487347602844, 0.9743589758872986, 0.9663461446762085, 0.9615384340286255, 0.9519230723381042, 0.9487179517745972, 0.9647436141967773, 0.9583333134651184, 0.9503205418586731, 0.9663461446762085, 0.9695512652397156, 0.9663461446762085, 0.9679487347602844, 0.9407051205635071, 0.9487179517745972, 0.9375, 0.9599359035491943, 0.9503205418586731, 0.9631410241127014, 0.9487179517745972, 0.9631410241127014, 0.9711538553237915, 0.9551281929016113, 0.9615384340286255, 0.9679487347602844, 0.9695512652397156, 0.9711538553237915, 0.9695512652397156, 0.9439102411270142, 0.9487179517745972, 0.9455128312110901, 0.9679487347602844]",36.871581077575684,0.9783653846153846,"[[150   3   0   0   0   0]
 [  7 154   1   0   0   0]
 [  0   3 149   0   0   0]
 [  0   0   0 117   2   0]
 [  0   0   0   1 120   0]
 [  0   0   0   0   1 124]]",1,128
1,"[1.522388219833374, 0.6435502171516418, 0.3526272177696228, 0.2216189205646515, 0.18079769611358643, 0.19299037754535675, 0.23311959207057953, 0.16701631247997284, 0.17892546951770782, 0.14162376523017883, 0.14066021144390106, 0.1410658061504364, 0.12076766788959503, 0.16281764209270477, 0.08177956193685532, 0.0849684476852417, 0.10409151762723923, 0.09640855342149734, 0.0857883170247078, 0.07704033702611923, 0.07386022806167603, 0.0534663200378418, 0.05923375487327576, 0.11198657751083374, 0.1140798032283783, 0.0936427116394043, 0.08129455149173737, 0.0891520082950592, 0.09513989090919495, 0.14603649079799652, 0.19816924631595612, 0.12494402378797531, 0.04962047189474106, 0.08909273892641068, 0.0497494600713253, 0.05004138499498367, 0.05106131359934807, 0.14316685497760773, 0.06611616909503937, 0.07067049294710159, 0.05573681741952896, 0.05936747044324875, 0.0598377101123333, 0.0504903607070446, 0.03440652787685394, 0.05607416853308678, 0.07242178916931152, 0.2865583896636963, 0.16295990347862244, 0.0978558138012886, 0.04602959007024765, 0.011766180396080017, 0.05277615785598755, 0.060769420117139816, 0.05310285836458206, 0.04792076721787453, 0.02698522061109543, 0.029830608516931534, 0.05113941803574562, 0.03435968980193138, 0.017713258042931557, 0.14923296868801117, 0.06990649551153183, 0.26199859380722046, 0.06736546754837036, 0.05017825588583946, 0.021144721657037735, 0.03201201558113098, 0.01775231771171093, 0.011088583618402481, 0.03326962888240814, 0.02263978309929371, 0.041490744799375534, 0.04551877826452255, 0.015213257633149624, 0.09159541130065918, 0.024174632504582405, 0.02861497737467289, 0.019894056022167206, 0.04892197996377945, 0.03586440533399582, 0.03476540744304657, 0.021930187940597534, 0.046033456921577454, 0.04781196638941765, 0.06456609815359116, 0.06050059199333191, 0.05203735828399658, 0.04039838910102844, 0.05360359326004982, 0.020460354164242744, 0.039253056049346924, 0.03846287354826927, 0.06687124818563461, 0.043070606887340546, 0.037669286131858826, 0.06847233325242996, 0.03928649425506592, 0.03748408704996109, 0.09292450547218323]","[1.0694090127944946, 0.6687031984329224, 0.22787737846374512, 0.17769156396389008, 0.2615163028240204, 0.2696335017681122, 0.15383410453796387, 0.19221796095371246, 0.1584184169769287, 0.18388064205646515, 0.2217886745929718, 0.22396758198738098, 0.1464366614818573, 0.2737031877040863, 0.31192174553871155, 0.18778066337108612, 0.17722855508327484, 0.18006545305252075, 0.2567603588104248, 0.13976258039474487, 0.16004714369773865, 0.18715418875217438, 0.2454347312450409, 0.2471802532672882, 0.23847435414791107, 0.19874019920825958, 0.382002055644989, 0.23597094416618347, 0.27054908871650696, 0.3163321912288666, 0.24443699419498444, 0.1677846759557724, 0.14020371437072754, 0.14369633793830872, 0.17697419226169586, 0.26125067472457886, 0.16647161543369293, 0.13299372792243958, 0.42155614495277405, 0.1316017210483551, 0.2863941788673401, 0.251409649848938, 0.2397652417421341, 0.25819045305252075, 0.1921861171722412, 0.14241476356983185, 0.20294420421123505, 0.2714053988456726, 0.12439563870429993, 0.09971266984939575, 0.1375468373298645, 0.18698443472385406, 0.11037879437208176, 0.18404686450958252, 0.14323334395885468, 0.12321396172046661, 0.16421480476856232, 0.1518561840057373, 0.19216404855251312, 0.10772191733121872, 0.23471160233020782, 0.16649335622787476, 0.13653060793876648, 0.251975953578949, 0.15641382336616516, 0.14482121169567108, 0.13983602821826935, 0.13720418512821198, 0.10779218375682831, 0.1913651078939438, 0.1512494683265686, 0.2346263825893402, 0.20405758917331696, 0.11942634731531143, 0.18702636659145355, 0.14734557271003723, 0.1683713048696518, 0.09358230978250504, 0.28684860467910767, 0.1295921802520752, 0.1321401447057724, 0.08083858340978622, 0.19825738668441772, 0.22585159540176392, 0.22737228870391846, 0.19385792315006256, 0.2712254524230957, 0.16477851569652557, 0.2074694037437439, 0.15417975187301636, 0.1590443253517151, 0.14421825110912323, 0.17092475295066833, 0.1918558031320572, 0.1410984992980957, 0.22506260871887207, 0.2604488432407379, 0.1956643909215927, 0.37980809807777405, 0.2385220229625702]","[0.3611556887626648, 0.7512038350105286, 0.8812199234962463, 0.9245585799217224, 0.9229534268379211, 0.9229534268379211, 0.9229534268379211, 0.937399685382843, 0.932584285736084, 0.9470304846763611, 0.9502407908439636, 0.9438202381134033, 0.9566613435745239, 0.9406099319458008, 0.9727126955986023, 0.9646869897842407, 0.9630818367004395, 0.9534510374069214, 0.9646869897842407, 0.9759229421615601, 0.9743177890777588, 0.9743177890777588, 0.9807383418083191, 0.9678972959518433, 0.9518458843231201, 0.9695023894309998, 0.9678972959518433, 0.971107542514801, 0.966292142868042, 0.9550561904907227, 0.9518458843231201, 0.966292142868042, 0.9791332483291626, 0.9646869897842407, 0.9807383418083191, 0.9759229421615601, 0.9791332483291626, 0.9582664370536804, 0.971107542514801, 0.9759229421615601, 0.9759229421615601, 0.9727126955986023, 0.9743177890777588, 0.9823434948921204, 0.9871588945388794, 0.9855538010597229, 0.9759229421615601, 0.9245585799217224, 0.9518458843231201, 0.9727126955986023, 0.9791332483291626, 0.995184600353241, 0.9871588945388794, 0.9871588945388794, 0.9839486479759216, 0.9887640476226807, 0.9919742941856384, 0.9887640476226807, 0.9839486479759216, 0.9855538010597229, 0.9919742941856384, 0.966292142868042, 0.9743177890777588, 0.9357945322990417, 0.9743177890777588, 0.9823434948921204, 0.9903692007064819, 0.9887640476226807, 0.9903692007064819, 0.9967897534370422, 0.9919742941856384, 0.9903692007064819, 0.9855538010597229, 0.9823434948921204, 0.9903692007064819, 0.9791332483291626, 0.9887640476226807, 0.9855538010597229, 0.9919742941856384, 0.9839486479759216, 0.9839486479759216, 0.9839486479759216, 0.9919742941856384, 0.9807383418083191, 0.9903692007064819, 0.9855538010597229, 0.9791332483291626, 0.9887640476226807, 0.9839486479759216, 0.9807383418083191, 0.9919742941856384, 0.9903692007064819, 0.9871588945388794, 0.9775280952453613, 0.9839486479759216, 0.9839486479759216, 0.9727126955986023, 0.9839486479759216, 0.9887640476226807, 0.9823434948921204]","[0.5961538553237915, 0.745192289352417, 0.9278846383094788, 0.9455128312110901, 0.9246794581413269, 0.9150640964508057, 0.9535256624221802, 0.9455128312110901, 0.942307710647583, 0.9439102411270142, 0.9182692170143127, 0.9391025900840759, 0.9583333134651184, 0.9262820482254028, 0.9022436141967773, 0.9230769276618958, 0.9503205418586731, 0.9583333134651184, 0.9455128312110901, 0.9663461446762085, 0.9551281929016113, 0.9487179517745972, 0.9407051205635071, 0.9086538553237915, 0.9278846383094788, 0.9519230723381042, 0.9391025900840759, 0.9487179517745972, 0.9439102411270142, 0.9230769276618958, 0.9246794581413269, 0.9631410241127014, 0.9535256624221802, 0.9631410241127014, 0.9647436141967773, 0.9599359035491943, 0.942307710647583, 0.9519230723381042, 0.8958333134651184, 0.9647436141967773, 0.9679487347602844, 0.942307710647583, 0.9631410241127014, 0.9599359035491943, 0.9519230723381042, 0.9615384340286255, 0.9647436141967773, 0.9599359035491943, 0.9647436141967773, 0.9695512652397156, 0.9583333134651184, 0.9695512652397156, 0.9727563858032227, 0.9567307829856873, 0.9695512652397156, 0.9695512652397156, 0.9503205418586731, 0.9599359035491943, 0.9631410241127014, 0.9727563858032227, 0.9615384340286255, 0.9631410241127014, 0.9615384340286255, 0.9310897588729858, 0.9583333134651184, 0.9599359035491943, 0.9663461446762085, 0.9679487347602844, 0.9695512652397156, 0.9743589758872986, 0.9647436141967773, 0.9503205418586731, 0.9583333134651184, 0.9695512652397156, 0.9599359035491943, 0.9663461446762085, 0.9727563858032227, 0.9711538553237915, 0.9487179517745972, 0.9599359035491943, 0.9727563858032227, 0.9727563858032227, 0.9727563858032227, 0.9599359035491943, 0.9583333134651184, 0.9663461446762085, 0.9695512652397156, 0.9615384340286255, 0.9743589758872986, 0.9663461446762085, 0.9727563858032227, 0.9647436141967773, 0.9583333134651184, 0.9679487347602844, 0.9695512652397156, 0.9583333134651184, 0.9519230723381042, 0.9647436141967773, 0.9615384340286255, 0.9695512652397156]",63.43075966835022,0.9747596153846154,"[[153   0   0   0   0   0]
 [  5 150   7   0   0   0]
 [  0   1 151   0   0   0]
 [  0   0   0 118   1   0]
 [  0   0   0   3 115   3]
 [  0   0   0   0   1 124]]",1,256
2,"[1.549355149269104, 0.6660958528518677, 0.3227773904800415, 0.23168465495109558, 0.23830726742744446, 0.23894114792346954, 0.14852620661258698, 0.19355101883411407, 0.1419622004032135, 0.20575827360153198, 0.1138271763920784, 0.092819444835186, 0.11241317540407181, 0.09973521530628204, 0.11658443510532379, 0.16953158378601074, 0.16507019102573395, 0.17068122327327728, 0.2256905734539032, 0.09258774667978287, 0.10238869488239288, 0.0815173014998436, 0.08287215232849121, 0.06685640662908554, 0.13895247876644135, 0.11691061407327652, 0.10096275061368942, 0.08834122121334076, 0.04814647510647774, 0.08376287668943405, 0.05107054114341736, 0.13156485557556152, 0.07797053456306458, 0.056956756860017776, 0.07484464347362518, 0.06234539672732353, 0.1524365097284317, 0.22915281355381012, 0.09783656150102615, 0.05949888005852699, 0.03017553500831127, 0.04135169833898544, 0.04678935185074806, 0.09238538146018982, 0.07484307140111923, 0.07023578137159348, 0.036556508392095566, 0.04079185053706169, 0.036964595317840576, 0.2414492964744568, 0.16445867717266083, 0.0607098788022995, 0.07864607125520706, 0.06098191440105438, 0.04154953360557556, 0.03236186504364014, 0.018664371222257614, 0.043240662664175034, 0.0405319482088089, 0.1974548101425171, 0.13049642741680145, 0.058212682604789734, 0.04614593833684921, 0.05286414921283722, 0.08573536574840546, 0.058381494134664536, 0.06689435243606567, 0.05609015002846718, 0.03511228412389755, 0.02294057607650757, 0.013162301853299141, 0.0254245325922966, 0.01581614278256893, 0.026732629165053368, 0.11217378824949265, 0.18356803059577942, 0.15008974075317383, 0.08745478093624115, 0.07873786240816116, 0.02643042430281639, 0.07767023891210556, 0.052755482494831085]","[0.9165290594100952, 0.8991186618804932, 0.23489594459533691, 0.1904456615447998, 0.2256818413734436, 0.14608170092105865, 0.26248860359191895, 0.2152436524629593, 0.22003506124019623, 0.16467928886413574, 0.14338096976280212, 0.227608785033226, 0.19117231667041779, 0.09895680099725723, 0.269909530878067, 0.1114448681473732, 0.15736715495586395, 1.0425583124160767, 0.21277381479740143, 0.29042017459869385, 0.20596888661384583, 0.13271808624267578, 0.11517051607370377, 0.12543748319149017, 0.32668307423591614, 0.24918927252292633, 0.3911418616771698, 0.1836090087890625, 0.12575457990169525, 0.07455172389745712, 0.13023360073566437, 0.11819404363632202, 0.18288783729076385, 0.23745368421077728, 0.14945076406002045, 0.21747295558452606, 0.17569825053215027, 0.21607470512390137, 0.1958540678024292, 0.16678458452224731, 0.11745380610227585, 0.19417327642440796, 0.27316030859947205, 0.11682533472776413, 0.12445788830518723, 0.12254022061824799, 0.11836441606283188, 0.11222539842128754, 0.1596459299325943, 0.12059692293405533, 0.10525034368038177, 0.11081821471452713, 0.1297534853219986, 0.13501112163066864, 0.12472064793109894, 0.10829733312129974, 0.12902437150478363, 0.1964956670999527, 0.18825767934322357, 0.17388392984867096, 0.18044808506965637, 0.20218896865844727, 0.19867275655269623, 0.2139795571565628, 0.30668485164642334, 0.2326919138431549, 0.18579362332820892, 0.16003069281578064, 0.12866219878196716, 0.1804955005645752, 0.2276616394519806, 0.22538894414901733, 0.18789321184158325, 0.2792859673500061, 0.3053058087825775, 0.2851119041442871, 0.235503152012825, 0.14178408682346344, 0.1563301533460617, 0.21010662615299225, 0.13699208199977875, 0.25605353713035583]","[0.37881219387054443, 0.7656500935554504, 0.8956661224365234, 0.903691828250885, 0.9117174744606018, 0.9133226275444031, 0.9470304846763611, 0.9261637330055237, 0.9486356377601624, 0.9357945322990417, 0.9486356377601624, 0.9630818367004395, 0.961476743221283, 0.966292142868042, 0.9438202381134033, 0.9470304846763611, 0.9534510374069214, 0.9518458843231201, 0.9357945322990417, 0.9678972959518433, 0.9598715901374817, 0.9646869897842407, 0.971107542514801, 0.9759229421615601, 0.9598715901374817, 0.9598715901374817, 0.9630818367004395, 0.9646869897842407, 0.9807383418083191, 0.9695023894309998, 0.9791332483291626, 0.9598715901374817, 0.9759229421615601, 0.9791332483291626, 0.9807383418083191, 0.9727126955986023, 0.9582664370536804, 0.937399685382843, 0.9646869897842407, 0.966292142868042, 0.9887640476226807, 0.9791332483291626, 0.9839486479759216, 0.9727126955986023, 0.9743177890777588, 0.9807383418083191, 0.9855538010597229, 0.9887640476226807, 0.9823434948921204, 0.9357945322990417, 0.9470304846763611, 0.9775280952453613, 0.9695023894309998, 0.9743177890777588, 0.9839486479759216, 0.9823434948921204, 0.9919742941856384, 0.9823434948921204, 0.9871588945388794, 0.942215085029602, 0.966292142868042, 0.9775280952453613, 0.9855538010597229, 0.9807383418083191, 0.9775280952453613, 0.9775280952453613, 0.9807383418083191, 0.9823434948921204, 0.9887640476226807, 0.9903692007064819, 0.995184600353241, 0.9903692007064819, 0.9919742941856384, 0.9871588945388794, 0.9743177890777588, 0.9695023894309998, 0.9598715901374817, 0.9678972959518433, 0.9775280952453613, 0.9903692007064819, 0.9791332483291626, 0.9807383418083191]","[0.6266025900840759, 0.7756410241127014, 0.9262820482254028, 0.9407051205635071, 0.9214743375778198, 0.9407051205635071, 0.9214743375778198, 0.9134615659713745, 0.9375, 0.9503205418586731, 0.9615384340286255, 0.9471153616905212, 0.9358974099159241, 0.9695512652397156, 0.9358974099159241, 0.9567307829856873, 0.9551281929016113, 0.9070512652397156, 0.9391025900840759, 0.9246794581413269, 0.9391025900840759, 0.9631410241127014, 0.9551281929016113, 0.942307710647583, 0.9182692170143127, 0.932692289352417, 0.8974359035491943, 0.9631410241127014, 0.9583333134651184, 0.9647436141967773, 0.9535256624221802, 0.9647436141967773, 0.9487179517745972, 0.9695512652397156, 0.9647436141967773, 0.9615384340286255, 0.932692289352417, 0.9551281929016113, 0.9503205418586731, 0.9743589758872986, 0.9711538553237915, 0.9599359035491943, 0.9647436141967773, 0.9647436141967773, 0.9599359035491943, 0.9567307829856873, 0.9631410241127014, 0.9599359035491943, 0.9647436141967773, 0.9583333134651184, 0.9663461446762085, 0.9759615659713745, 0.9455128312110901, 0.9647436141967773, 0.9535256624221802, 0.9631410241127014, 0.9647436141967773, 0.9583333134651184, 0.9663461446762085, 0.9487179517745972, 0.9262820482254028, 0.9663461446762085, 0.9711538553237915, 0.9583333134651184, 0.9535256624221802, 0.9711538553237915, 0.9663461446762085, 0.9711538553237915, 0.9679487347602844, 0.9743589758872986, 0.9743589758872986, 0.9743589758872986, 0.9679487347602844, 0.9615384340286255, 0.9503205418586731, 0.932692289352417, 0.9631410241127014, 0.9631410241127014, 0.9631410241127014, 0.9551281929016113, 0.9647436141967773, 0.9487179517745972]",71.13430571556091,0.9723557692307693,"[[152   1   0   0   0   0]
 [  6 153   3   0   0   0]
 [  0   3 149   0   0   0]
 [  0   0   0 112   7   0]
 [  0   0   0   2 119   0]
 [  0   0   0   0   1 124]]",1,512
3,"[1.4614828824996948, 0.6533850431442261, 0.4677280783653259, 0.28142890334129333, 0.19462284445762634, 0.19643756747245789, 0.13517813384532928, 0.17237365245819092, 0.14884348213672638, 0.156460702419281, 0.13727052509784698, 0.1553373485803604, 0.2487461119890213, 0.23116140067577362, 0.1120932474732399, 0.12768110632896423, 0.14118431508541107, 0.10482683032751083, 0.08255746960639954, 0.08975312858819962, 0.10384006053209305, 0.2860189974308014, 0.3249160945415497, 0.1489793062210083, 0.14478150010108948, 0.06299804151058197, 0.07415838539600372, 0.04651269316673279, 0.03696326166391373, 0.05256793648004532, 0.07354619354009628, 0.09625636041164398, 0.07283712178468704, 0.0677625834941864, 0.04858073964715004, 0.03561213240027428, 0.15517209470272064, 0.07973932474851608, 0.06063927710056305, 0.05984468758106232, 0.037667788565158844, 0.07404651492834091, 0.05226968601346016, 0.15075111389160156, 0.09073320776224136, 0.21200542151927948, 0.5208659172058105, 0.13158640265464783, 0.09831959754228592, 0.03513922914862633, 0.029652882367372513, 0.04417816922068596, 0.024535970762372017, 0.02829737216234207, 0.05082404613494873, 0.0251624658703804, 0.04793960601091385, 0.0687490925192833, 0.03876138851046562, 0.03259672969579697, 0.038275428116321564, 0.061727289110422134]","[0.7098506689071655, 0.33474811911582947, 0.37461528182029724, 0.4089149534702301, 0.16585493087768555, 0.17827793955802917, 0.21577845513820648, 0.36252227425575256, 0.1674477458000183, 0.4340752363204956, 0.26008400321006775, 0.2611405551433563, 0.5451051592826843, 0.1866999715566635, 0.1385968178510666, 0.3101997375488281, 0.210435152053833, 0.1308853030204773, 0.14688746631145477, 0.32430920004844666, 0.23775959014892578, 0.25763580203056335, 0.3511240482330322, 0.21562941372394562, 0.20124095678329468, 0.18700340390205383, 0.1663510799407959, 0.1443316489458084, 0.33531004190444946, 0.16526064276695251, 0.18453820049762726, 0.11218206584453583, 0.14725033938884735, 0.14116311073303223, 0.1213730052113533, 0.18851269781589508, 0.1411309838294983, 0.159608855843544, 0.11826001852750778, 0.11046650260686874, 0.10188731551170349, 0.11705688387155533, 0.1368129700422287, 0.1850510835647583, 0.15865880250930786, 0.2872159779071808, 0.39799779653549194, 0.2747117280960083, 0.11049262434244156, 0.13547417521476746, 0.1940266340970993, 0.1332494467496872, 0.1518777757883072, 0.2159269005060196, 0.1410689800977707, 0.19910992681980133, 0.29071423411369324, 0.13826419413089752, 0.13439005613327026, 0.18949684500694275, 0.18811890482902527, 0.19788359105587006]","[0.42536115646362305, 0.7881219983100891, 0.8394863605499268, 0.9052969217300415, 0.9293739795684814, 0.9341893792152405, 0.9566613435745239, 0.9454253315925598, 0.9438202381134033, 0.9502407908439636, 0.9486356377601624, 0.9470304846763611, 0.9261637330055237, 0.9293739795684814, 0.9550561904907227, 0.9598715901374817, 0.9502407908439636, 0.966292142868042, 0.971107542514801, 0.9727126955986023, 0.9727126955986023, 0.9261637330055237, 0.9133226275444031, 0.9502407908439636, 0.9534510374069214, 0.971107542514801, 0.9695023894309998, 0.9775280952453613, 0.9791332483291626, 0.9727126955986023, 0.9775280952453613, 0.971107542514801, 0.9855538010597229, 0.9743177890777588, 0.9807383418083191, 0.9871588945388794, 0.9598715901374817, 0.9791332483291626, 0.9727126955986023, 0.9791332483291626, 0.9839486479759216, 0.971107542514801, 0.9759229421615601, 0.9534510374069214, 0.971107542514801, 0.9390048384666443, 0.9101123809814453, 0.9566613435745239, 0.966292142868042, 0.9887640476226807, 0.9871588945388794, 0.9855538010597229, 0.9919742941856384, 0.9871588945388794, 0.9791332483291626, 0.9887640476226807, 0.9743177890777588, 0.9775280952453613, 0.9839486479759216, 0.9871588945388794, 0.9807383418083191, 0.9727126955986023]","[0.7339743375778198, 0.870192289352417, 0.8846153616905212, 0.8637820482254028, 0.9583333134651184, 0.9567307829856873, 0.9246794581413269, 0.9166666865348816, 0.9551281929016113, 0.8205128312110901, 0.9487179517745972, 0.9086538553237915, 0.8381410241127014, 0.9567307829856873, 0.9599359035491943, 0.9166666865348816, 0.9246794581413269, 0.9519230723381042, 0.9535256624221802, 0.9439102411270142, 0.9535256624221802, 0.9278846383094788, 0.9278846383094788, 0.9358974099159241, 0.9615384340286255, 0.9615384340286255, 0.9663461446762085, 0.9711538553237915, 0.9439102411270142, 0.9631410241127014, 0.9727563858032227, 0.9775640964508057, 0.9615384340286255, 0.9679487347602844, 0.9679487347602844, 0.9631410241127014, 0.9407051205635071, 0.9583333134651184, 0.9631410241127014, 0.9647436141967773, 0.9679487347602844, 0.9711538553237915, 0.9695512652397156, 0.9471153616905212, 0.9679487347602844, 0.932692289352417, 0.9262820482254028, 0.9487179517745972, 0.9663461446762085, 0.9695512652397156, 0.9599359035491943, 0.9679487347602844, 0.9647436141967773, 0.9663461446762085, 0.9695512652397156, 0.9615384340286255, 0.9567307829856873, 0.9647436141967773, 0.9631410241127014, 0.9567307829856873, 0.9679487347602844, 0.9711538553237915]",98.99733185768127,0.9807692307692307,"[[153   0   0   0   0   0]
 [  7 155   0   0   0   0]
 [  0   3 149   0   0   0]
 [  0   0   0 117   2   0]
 [  0   0   0   2 119   0]
 [  0   0   0   0   2 123]]",1,1024
4,"[1.7584730386734009, 0.8955901861190796, 0.46110180020332336, 0.25189560651779175, 0.26389405131340027, 0.1938595026731491, 0.31315746903419495, 0.3157714009284973, 0.21791134774684906, 0.14663535356521606, 0.12808066606521606, 0.12041513621807098, 0.12540657818317413, 0.07472718507051468, 0.09771053493022919, 0.07367543131113052, 0.08986923098564148, 0.0906980037689209, 0.09115564078092575, 0.06520091742277145, 0.09492780268192291, 0.10241512954235077, 0.16145366430282593, 0.14772415161132812, 0.1016491949558258, 0.09009288996458054, 0.04200920835137367, 0.08588124066591263, 0.06590130925178528, 0.07253535836935043, 0.09491679817438126, 0.09543021023273468, 0.09641078114509583, 0.1063980683684349, 0.08026079833507538, 0.09467986226081848, 0.08395848423242569, 0.05299883335828781, 0.05284919589757919, 0.06251992285251617, 0.04694799706339836, 0.07234370708465576, 0.10585235059261322, 0.08431930840015411, 0.11702855676412582, 0.07214948534965515, 0.04961039870977402, 0.05785956606268883, 0.058526162058115005, 0.03767480328679085, 0.07096723467111588, 0.11763067543506622, 0.06630947440862656, 0.10676947981119156, 0.08022746443748474, 0.05155590921640396, 0.04730422422289848, 0.0726148784160614, 0.06926371902227402, 0.0733816921710968, 0.08594773709774017, 0.021842466667294502, 0.03515937551856041, 0.04565346613526344, 0.09804192930459976, 0.07978695631027222, 0.0709313452243805, 0.07403614372015, 0.05326906964182854, 0.05275021120905876, 0.04468036815524101]","[1.437756896018982, 0.4667990207672119, 0.3411482870578766, 0.31931909918785095, 0.3779154121875763, 0.3294828236103058, 0.8229025602340698, 0.34393948316574097, 0.22001102566719055, 0.18800048530101776, 0.25786304473876953, 0.22481419146060944, 0.1553313434123993, 0.20720648765563965, 0.14691203832626343, 0.11295177787542343, 0.16984020173549652, 0.22042709589004517, 0.19842110574245453, 0.23682980239391327, 0.1569148451089859, 0.22886569797992706, 0.5824803113937378, 0.18815520405769348, 0.1983327716588974, 0.1599096655845642, 0.20418520271778107, 0.15025188028812408, 0.31207334995269775, 0.4890466332435608, 0.1545058786869049, 0.10995344072580338, 0.13569699227809906, 0.13224782049655914, 0.17435695230960846, 0.16127131879329681, 0.1346651315689087, 0.1480696052312851, 0.20964309573173523, 0.14104260504245758, 0.14183510839939117, 0.25085726380348206, 0.1952822506427765, 0.40380823612213135, 0.23521658778190613, 0.19842827320098877, 0.15117214620113373, 0.2821618914604187, 0.17169439792633057, 0.18129992485046387, 0.14682775735855103, 0.20697610080242157, 0.7211716771125793, 0.34783270955085754, 0.21812108159065247, 0.30310729146003723, 0.47904884815216064, 0.23977425694465637, 0.16386786103248596, 0.12465070188045502, 0.2635501027107239, 0.1656074821949005, 0.22507351636886597, 0.18690188229084015, 0.23130466043949127, 0.1504395753145218, 0.24564719200134277, 0.158773273229599, 0.1970188021659851, 0.17327049374580383, 0.1603463590145111]","[0.25361156463623047, 0.6372391581535339, 0.8459069132804871, 0.9181380271911621, 0.9101123809814453, 0.9261637330055237, 0.9117174744606018, 0.8924558758735657, 0.9261637330055237, 0.937399685382843, 0.9550561904907227, 0.9518458843231201, 0.9582664370536804, 0.9678972959518433, 0.9630818367004395, 0.966292142868042, 0.9598715901374817, 0.9630818367004395, 0.9630818367004395, 0.9743177890777588, 0.9727126955986023, 0.9630818367004395, 0.9438202381134033, 0.9534510374069214, 0.971107542514801, 0.9678972959518433, 0.9839486479759216, 0.9678972959518433, 0.9695023894309998, 0.9775280952453613, 0.9727126955986023, 0.971107542514801, 0.966292142868042, 0.9646869897842407, 0.9646869897842407, 0.9727126955986023, 0.9646869897842407, 0.9727126955986023, 0.9839486479759216, 0.9775280952453613, 0.9855538010597229, 0.9678972959518433, 0.9678972959518433, 0.9743177890777588, 0.9566613435745239, 0.966292142868042, 0.9823434948921204, 0.9807383418083191, 0.9743177890777588, 0.9887640476226807, 0.971107542514801, 0.9630818367004395, 0.9775280952453613, 0.9759229421615601, 0.971107542514801, 0.9855538010597229, 0.9855538010597229, 0.9871588945388794, 0.9791332483291626, 0.971107542514801, 0.9743177890777588, 0.995184600353241, 0.9903692007064819, 0.9839486479759216, 0.966292142868042, 0.9807383418083191, 0.9759229421615601, 0.9807383418083191, 0.9807383418083191, 0.9839486479759216, 0.9791332483291626]","[0.3092948794364929, 0.8413461446762085, 0.8637820482254028, 0.9038461446762085, 0.9038461446762085, 0.8990384340286255, 0.7532051205635071, 0.9070512652397156, 0.9358974099159241, 0.9407051205635071, 0.9246794581413269, 0.9375, 0.9551281929016113, 0.9519230723381042, 0.9551281929016113, 0.9711538553237915, 0.9615384340286255, 0.9535256624221802, 0.9551281929016113, 0.9391025900840759, 0.932692289352417, 0.942307710647583, 0.8894230723381042, 0.9407051205635071, 0.9375, 0.9631410241127014, 0.9439102411270142, 0.9519230723381042, 0.9487179517745972, 0.9182692170143127, 0.9503205418586731, 0.9615384340286255, 0.9455128312110901, 0.9535256624221802, 0.9503205418586731, 0.9551281929016113, 0.9599359035491943, 0.9583333134651184, 0.9567307829856873, 0.9535256624221802, 0.9791666865348816, 0.9439102411270142, 0.9615384340286255, 0.932692289352417, 0.9375, 0.9567307829856873, 0.9631410241127014, 0.942307710647583, 0.9551281929016113, 0.9583333134651184, 0.9615384340286255, 0.9599359035491943, 0.932692289352417, 0.9471153616905212, 0.9631410241127014, 0.9535256624221802, 0.9342948794364929, 0.9471153616905212, 0.9663461446762085, 0.9679487347602844, 0.9535256624221802, 0.9679487347602844, 0.9631410241127014, 0.9711538553237915, 0.9503205418586731, 0.9663461446762085, 0.9567307829856873, 0.9631410241127014, 0.9567307829856873, 0.9583333134651184, 0.9679487347602844]",61.21421265602112,0.9771634615384616,"[[153   0   0   0   0   0]
 [  7 154   1   0   0   0]
 [  0   3 149   0   0   0]
 [  0   0   0 116   3   0]
 [  0   0   0   1 117   3]
 [  0   0   0   0   1 124]]",2,128
5,"[1.7198461294174194, 0.8961889743804932, 0.5264622569084167, 0.29632285237312317, 0.2685459554195404, 0.2618294656276703, 0.1888691931962967, 0.1483478844165802, 0.1696685552597046, 0.12304257601499557, 0.13994763791561127, 0.138270303606987, 0.12803548574447632, 0.1004120334982872, 0.22414228320121765, 0.1280948370695114, 0.13215535879135132, 0.1492876261472702, 0.07136769592761993, 0.06338603049516678, 0.05009143054485321, 0.11021208763122559, 0.0719354972243309, 0.1175064668059349, 0.09788844734430313, 0.0825088694691658, 0.12239967286586761, 0.13117298483848572, 0.05184490233659744, 0.1213764175772667, 0.1851900815963745, 0.10719413310289383, 0.05616094172000885, 0.03516692668199539, 0.025088125839829445, 0.07175420224666595, 0.10375413298606873, 0.06419076770544052, 0.07711520045995712, 0.09346657991409302, 0.05966024100780487, 0.02831273525953293, 0.033600445836782455, 0.040389999747276306, 0.01915949396789074, 0.04197244346141815]","[1.2691453695297241, 0.3578491508960724, 0.3810936212539673, 0.22606196999549866, 0.23861464858055115, 0.3700460195541382, 0.17012470960617065, 0.16042420268058777, 0.15769822895526886, 0.22808124125003815, 0.2419775277376175, 0.16054746508598328, 0.17499351501464844, 0.3064105808734894, 0.19905304908752441, 0.17196024954319, 0.17891322076320648, 0.20627735555171967, 0.1912003606557846, 0.144557923078537, 0.166270911693573, 0.17683567106723785, 0.23265376687049866, 0.16047243773937225, 0.24275361001491547, 0.17816144227981567, 0.14910322427749634, 0.21758072078227997, 0.22369395196437836, 0.22697541117668152, 0.2448417991399765, 0.21266993880271912, 0.20083600282669067, 0.2551638185977936, 0.2105102241039276, 0.1644817292690277, 0.22275643050670624, 0.20424118638038635, 0.26334327459335327, 0.20006152987480164, 0.2169123888015747, 0.283252090215683, 0.23919795453548431, 0.2049778252840042, 0.20663733780384064, 0.28227338194847107]","[0.3113964796066284, 0.6388443112373352, 0.8250401020050049, 0.8892455697059631, 0.9165329337120056, 0.9149277806282043, 0.9309791326522827, 0.9390048384666443, 0.9390048384666443, 0.9630818367004395, 0.9518458843231201, 0.9550561904907227, 0.9470304846763611, 0.9695023894309998, 0.9213483333587646, 0.9502407908439636, 0.9582664370536804, 0.9534510374069214, 0.9775280952453613, 0.9743177890777588, 0.9791332483291626, 0.961476743221283, 0.9678972959518433, 0.9598715901374817, 0.9678972959518433, 0.9678972959518433, 0.9598715901374817, 0.966292142868042, 0.9775280952453613, 0.961476743221283, 0.9470304846763611, 0.961476743221283, 0.9759229421615601, 0.9903692007064819, 0.9935794472694397, 0.9775280952453613, 0.971107542514801, 0.9807383418083191, 0.9743177890777588, 0.9727126955986023, 0.9839486479759216, 0.9871588945388794, 0.9839486479759216, 0.9871588945388794, 0.9935794472694397, 0.9887640476226807]","[0.38461539149284363, 0.8926281929016113, 0.8717948794364929, 0.9294871687889099, 0.932692289352417, 0.8894230723381042, 0.9375, 0.9599359035491943, 0.9519230723381042, 0.9391025900840759, 0.9375, 0.9583333134651184, 0.942307710647583, 0.9407051205635071, 0.9663461446762085, 0.9711538553237915, 0.9615384340286255, 0.9583333134651184, 0.9583333134651184, 0.9567307829856873, 0.9567307829856873, 0.9663461446762085, 0.9551281929016113, 0.9551281929016113, 0.9455128312110901, 0.9471153616905212, 0.9487179517745972, 0.9487179517745972, 0.9535256624221802, 0.9407051205635071, 0.9487179517745972, 0.9583333134651184, 0.9711538553237915, 0.9583333134651184, 0.9663461446762085, 0.9535256624221802, 0.9535256624221802, 0.9503205418586731, 0.9358974099159241, 0.9663461446762085, 0.9615384340286255, 0.9679487347602844, 0.9631410241127014, 0.9647436141967773, 0.9663461446762085, 0.9631410241127014]",44.54317617416382,0.9771634615384616,"[[153   0   0   0   0   0]
 [  7 153   0   2   0   0]
 [  0   3 149   0   0   0]
 [  0   0   0 119   0   0]
 [  0   0   0   3 115   3]
 [  0   0   0   0   1 124]]",2,256
6,"[1.7973893880844116, 0.946075975894928, 0.4571040868759155, 0.2912422716617584, 0.33496561646461487, 0.2071436196565628, 0.15664547681808472, 0.10986477881669998, 0.17218250036239624, 0.1341966837644577, 0.2507302165031433, 0.21112319827079773, 0.27796754240989685, 0.22667844593524933, 0.1068764179944992, 0.13459664583206177, 0.1293334662914276, 0.10066235065460205, 0.13965246081352234, 0.14597466588020325, 0.08839412033557892, 0.14131955802440643, 0.09745419025421143, 0.12244390696287155, 0.20386193692684174, 0.13626232743263245, 0.08836174011230469, 0.07238060981035233, 0.1153009831905365, 0.09415001422166824, 0.08441943675279617, 0.067595474421978, 0.06458381563425064, 0.08726437389850616, 0.15998254716396332, 0.09855205565690994, 0.1159972995519638, 0.049366991966962814, 0.0570521280169487, 0.05381954833865166, 0.13908256590366364, 0.11550547182559967, 0.30518120527267456, 0.18494383990764618, 0.06770650297403336, 0.07635167986154556, 0.05252024531364441, 0.07768488675355911, 0.04488874226808548, 0.04855594038963318, 0.05364769697189331, 0.06681665033102036, 0.06701809912919998, 0.04401600733399391, 0.058280833065509796, 0.09941540658473969, 0.476427286863327, 0.20276518166065216, 0.05806451663374901, 0.05541310831904411, 0.05018319934606552, 0.0523141473531723, 0.028919097036123276, 0.02720765769481659, 0.036740951240062714, 0.04344792664051056, 0.09989762306213379, 0.039960455149412155]","[1.5237897634506226, 0.5915076732635498, 0.3158189058303833, 0.2849137485027313, 0.1870114803314209, 0.16168978810310364, 0.257886677980423, 0.25800439715385437, 0.25303396582603455, 0.14512035250663757, 0.2461308240890503, 0.3401365876197815, 0.14290261268615723, 0.1722477823495865, 0.22365997731685638, 0.1688234806060791, 0.13773204386234283, 0.15781211853027344, 0.3126935362815857, 0.26101788878440857, 0.46827173233032227, 0.4619188606739044, 0.18223010003566742, 0.16560009121894836, 0.2587307095527649, 0.1963610202074051, 0.22360239923000336, 0.21956177055835724, 0.18397901952266693, 0.208658367395401, 0.18678267300128937, 0.11240279674530029, 0.2884879410266876, 0.15787087380886078, 0.2767050266265869, 0.22447951138019562, 0.30982333421707153, 0.22602389752864838, 0.2505151629447937, 0.19018980860710144, 0.23626209795475006, 1.1278066635131836, 0.22454380989074707, 0.2812400758266449, 0.23396164178848267, 0.15875954926013947, 0.27045774459838867, 0.17002074420452118, 0.2712837755680084, 0.22085796296596527, 0.264070987701416, 0.15368784964084625, 0.1823112517595291, 0.27865707874298096, 0.1529683768749237, 0.45427483320236206, 1.567462682723999, 0.10435829311609268, 0.15038034319877625, 0.14592549204826355, 0.16965758800506592, 0.20838803052902222, 0.19136512279510498, 0.2014530748128891, 0.18489249050617218, 0.18599143624305725, 0.089942067861557, 0.11919887363910675]","[0.27447831630706787, 0.6356340050697327, 0.8378812074661255, 0.903691828250885, 0.8924558758735657, 0.9117174744606018, 0.9438202381134033, 0.9582664370536804, 0.9390048384666443, 0.9454253315925598, 0.927768886089325, 0.9213483333587646, 0.9165329337120056, 0.932584285736084, 0.961476743221283, 0.9566613435745239, 0.9566613435745239, 0.9743177890777588, 0.9486356377601624, 0.9550561904907227, 0.971107542514801, 0.9598715901374817, 0.9598715901374817, 0.9598715901374817, 0.9502407908439636, 0.9550561904907227, 0.971107542514801, 0.9743177890777588, 0.9598715901374817, 0.966292142868042, 0.9727126955986023, 0.971107542514801, 0.971107542514801, 0.971107542514801, 0.9486356377601624, 0.9695023894309998, 0.966292142868042, 0.9823434948921204, 0.9791332483291626, 0.9871588945388794, 0.9630818367004395, 0.966292142868042, 0.927768886089325, 0.9470304846763611, 0.9759229421615601, 0.971107542514801, 0.9791332483291626, 0.9727126955986023, 0.9791332483291626, 0.9791332483291626, 0.9823434948921204, 0.9807383418083191, 0.9759229421615601, 0.9871588945388794, 0.9727126955986023, 0.9743177890777588, 0.9213483333587646, 0.9566613435745239, 0.9727126955986023, 0.9871588945388794, 0.9823434948921204, 0.9759229421615601, 0.9855538010597229, 0.9903692007064819, 0.9871588945388794, 0.9855538010597229, 0.9791332483291626, 0.9807383418083191]","[0.4407051205635071, 0.8108974099159241, 0.8926281929016113, 0.9134615659713745, 0.9439102411270142, 0.9519230723381042, 0.9198718070983887, 0.9455128312110901, 0.9342948794364929, 0.9567307829856873, 0.9198718070983887, 0.870192289352417, 0.9567307829856873, 0.9391025900840759, 0.9407051205635071, 0.9407051205635071, 0.9455128312110901, 0.9615384340286255, 0.9342948794364929, 0.9471153616905212, 0.9038461446762085, 0.7996794581413269, 0.9439102411270142, 0.9487179517745972, 0.9342948794364929, 0.9647436141967773, 0.9375, 0.9503205418586731, 0.942307710647583, 0.9455128312110901, 0.9615384340286255, 0.9679487347602844, 0.932692289352417, 0.9615384340286255, 0.9294871687889099, 0.9198718070983887, 0.942307710647583, 0.9695512652397156, 0.9679487347602844, 0.9615384340286255, 0.9439102411270142, 0.870192289352417, 0.942307710647583, 0.9358974099159241, 0.9439102411270142, 0.9695512652397156, 0.9503205418586731, 0.9599359035491943, 0.9519230723381042, 0.9583333134651184, 0.9631410241127014, 0.9535256624221802, 0.9695512652397156, 0.9487179517745972, 0.9695512652397156, 0.9342948794364929, 0.8397436141967773, 0.9679487347602844, 0.9647436141967773, 0.9599359035491943, 0.9535256624221802, 0.9599359035491943, 0.9567307829856873, 0.9599359035491943, 0.9663461446762085, 0.9519230723381042, 0.9647436141967773, 0.9631410241127014]",80.01556634902954,0.9663461538461539,"[[151   2   0   0   0   0]
 [  7 149   6   0   0   0]
 [  0   0 152   0   0   0]
 [  0   0   0 117   2   0]
 [  0   0   0   7 110   4]
 [  0   0   0   0   0 125]]",2,512
7,"[1.8848353624343872, 1.0416926145553589, 0.4770556688308716, 0.3919432461261749, 0.23455920815467834, 0.25363585352897644, 0.26797497272491455, 0.24532094597816467, 0.16993770003318787, 0.2758008539676666, 0.2747073769569397, 0.15690994262695312, 0.29824671149253845, 0.15040737390518188, 0.10917793214321136, 0.0914750024676323, 0.10466884821653366, 0.11241947114467621, 0.17873407900333405, 0.31623464822769165, 0.12557929754257202, 0.12050727754831314, 0.09921465814113617, 0.08955827355384827, 0.1050986722111702, 0.0753031075000763, 0.12014699727296829, 0.1682058423757553, 0.20865948498249054, 0.08277548849582672, 0.09038563072681427, 0.09172414243221283, 0.07841160893440247, 0.09568393975496292, 0.09054547548294067, 0.09009278565645218, 0.5626360177993774, 2.071505069732666, 0.22971981763839722, 0.09129510819911957, 0.07815896719694138, 0.0938551127910614]","[1.4731478691101074, 0.5549251437187195, 0.2564423382282257, 0.24448776245117188, 0.7556338906288147, 0.18828733265399933, 0.2041010558605194, 0.3517342209815979, 0.2507811188697815, 0.39881977438926697, 0.2609598934650421, 0.13691358268260956, 0.16028344631195068, 1.0283981561660767, 0.2101036012172699, 0.21701087057590485, 0.150802344083786, 0.12509621679782867, 0.21312423050403595, 0.20147910714149475, 0.15823158621788025, 0.33778005838394165, 0.4313504993915558, 0.18522711098194122, 0.12982474267482758, 0.2868967354297638, 0.33155912160873413, 1.3294262886047363, 0.16088755428791046, 0.41663995385169983, 0.17586220800876617, 0.14827217161655426, 0.27684226632118225, 0.2768827974796295, 0.21113719046115875, 0.19263681769371033, 1.360379695892334, 0.39475661516189575, 0.18686755001544952, 0.20668762922286987, 0.2024441808462143, 0.15078958868980408]","[0.26163724064826965, 0.545746386051178, 0.8394863605499268, 0.8715890645980835, 0.9117174744606018, 0.9117174744606018, 0.9052969217300415, 0.9454253315925598, 0.9309791326522827, 0.9133226275444031, 0.9133226275444031, 0.9454253315925598, 0.9197431802749634, 0.9486356377601624, 0.966292142868042, 0.9630818367004395, 0.961476743221283, 0.9486356377601624, 0.9518458843231201, 0.9229534268379211, 0.9566613435745239, 0.971107542514801, 0.9646869897842407, 0.9727126955986023, 0.9678972959518433, 0.9727126955986023, 0.9518458843231201, 0.9534510374069214, 0.937399685382843, 0.9630818367004395, 0.961476743221283, 0.9678972959518433, 0.9695023894309998, 0.971107542514801, 0.971107542514801, 0.9759229421615601, 0.937399685382843, 0.7849116921424866, 0.9357945322990417, 0.9646869897842407, 0.9695023894309998, 0.9678972959518433]","[0.2548076808452606, 0.7676281929016113, 0.9022436141967773, 0.9166666865348816, 0.8782051205635071, 0.9375, 0.9407051205635071, 0.8830128312110901, 0.9214743375778198, 0.8717948794364929, 0.9054487347602844, 0.9695512652397156, 0.942307710647583, 0.8125, 0.9294871687889099, 0.9663461446762085, 0.9503205418586731, 0.9567307829856873, 0.9631410241127014, 0.9294871687889099, 0.9375, 0.942307710647583, 0.9407051205635071, 0.9679487347602844, 0.9615384340286255, 0.9455128312110901, 0.942307710647583, 0.8157051205635071, 0.9519230723381042, 0.9262820482254028, 0.9551281929016113, 0.9599359035491943, 0.9535256624221802, 0.9551281929016113, 0.9663461446762085, 0.9519230723381042, 0.8685897588729858, 0.9278846383094788, 0.9551281929016113, 0.942307710647583, 0.9342948794364929, 0.9583333134651184]",81.28412199020386,0.9651442307692307,"[[152   1   0   0   0   0]
 [  8 154   0   0   0   0]
 [  0   4 148   0   0   0]
 [  0   0   0 111   8   0]
 [  0   0   0   4 116   1]
 [  0   0   0   0   3 122]]",2,1024
8,"[1.9287471771240234, 1.4058021306991577, 0.9730684161186218, 0.7229083180427551, 0.4374085068702698, 0.38562411069869995, 0.2812069058418274, 0.19770227372646332, 0.25105586647987366, 0.2647848129272461, 0.16188615560531616, 0.17581121623516083, 0.16592685878276825, 0.13603588938713074, 0.08815714716911316, 0.12044546008110046, 0.14691585302352905, 0.2173033356666565, 0.15798963606357574, 0.16616132855415344, 0.10097552835941315, 0.10359833389520645, 0.1659584790468216, 0.13964828848838806, 0.08527283370494843, 0.08828925341367722, 0.049857597798109055, 0.08373461663722992, 0.12261778116226196, 0.0937923789024353, 0.08669713139533997, 0.0878240317106247, 0.07967744767665863, 0.15154103934764862, 0.4104907810688019, 0.648821234703064, 0.19696199893951416, 0.08404739201068878, 0.09416159987449646, 0.061187390238046646, 0.05354795977473259, 0.06357228755950928, 0.03383062034845352, 0.07726196944713593, 0.08842097222805023, 0.0845864936709404, 0.06228671222925186, 0.06342294812202454, 0.06868582218885422, 0.04312052205204964, 0.052691757678985596]","[1.66607666015625, 1.0042064189910889, 0.8058481812477112, 0.4950975775718689, 0.739734947681427, 0.3836889863014221, 0.45925819873809814, 0.24558810889720917, 0.15993212163448334, 0.18672536313533783, 0.12801505625247955, 0.2019885927438736, 0.19091323018074036, 0.17541128396987915, 0.15851235389709473, 0.22208400070667267, 0.49147748947143555, 0.2471534013748169, 0.25287187099456787, 0.20864354074001312, 0.16134203970432281, 0.2879844605922699, 0.20188143849372864, 0.2362658679485321, 0.17517398297786713, 0.23251022398471832, 0.275597482919693, 0.42446669936180115, 0.32186052203178406, 0.1976170837879181, 0.18243932723999023, 0.23324500024318695, 0.17778362333774567, 0.276933491230011, 1.2732237577438354, 0.3088183104991913, 0.20345860719680786, 0.22944435477256775, 0.1718076765537262, 0.18793606758117676, 0.24418090283870697, 0.16597744822502136, 0.22515492141246796, 0.20008255541324615, 0.2684887945652008, 0.16001050174236298, 0.24173881113529205, 0.19988267123699188, 0.18873487412929535, 0.16385719180107117, 0.5917131900787354]","[0.22150883078575134, 0.4028892517089844, 0.6195826530456543, 0.7447832822799683, 0.8459069132804871, 0.8587480187416077, 0.9020866751670837, 0.9197431802749634, 0.9117174744606018, 0.9197431802749634, 0.9390048384666443, 0.932584285736084, 0.9406099319458008, 0.9518458843231201, 0.966292142868042, 0.9582664370536804, 0.961476743221283, 0.9454253315925598, 0.9470304846763611, 0.9550561904907227, 0.9743177890777588, 0.971107542514801, 0.9486356377601624, 0.9470304846763611, 0.9630818367004395, 0.9646869897842407, 0.9839486479759216, 0.9630818367004395, 0.961476743221283, 0.9646869897842407, 0.961476743221283, 0.9678972959518433, 0.966292142868042, 0.9502407908439636, 0.9261637330055237, 0.8491171598434448, 0.9390048384666443, 0.9678972959518433, 0.9695023894309998, 0.9759229421615601, 0.9743177890777588, 0.971107542514801, 0.9855538010597229, 0.9807383418083191, 0.966292142868042, 0.9759229421615601, 0.9759229421615601, 0.9727126955986023, 0.9727126955986023, 0.9871588945388794, 0.9823434948921204]","[0.2916666567325592, 0.5769230723381042, 0.7035256624221802, 0.8221153616905212, 0.6907051205635071, 0.8894230723381042, 0.8477563858032227, 0.9310897588729858, 0.9567307829856873, 0.9375, 0.9455128312110901, 0.9278846383094788, 0.9102563858032227, 0.9439102411270142, 0.9471153616905212, 0.9455128312110901, 0.9102563858032227, 0.9439102411270142, 0.9375, 0.9375, 0.9679487347602844, 0.9391025900840759, 0.9519230723381042, 0.9439102411270142, 0.9455128312110901, 0.9471153616905212, 0.9310897588729858, 0.9375, 0.9262820482254028, 0.9631410241127014, 0.9519230723381042, 0.9503205418586731, 0.9503205418586731, 0.9455128312110901, 0.8445512652397156, 0.9342948794364929, 0.9391025900840759, 0.9487179517745972, 0.9519230723381042, 0.9615384340286255, 0.9519230723381042, 0.9615384340286255, 0.9567307829856873, 0.942307710647583, 0.9519230723381042, 0.9567307829856873, 0.9487179517745972, 0.9567307829856873, 0.9503205418586731, 0.9567307829856873, 0.9134615659713745]",60.65699219703674,0.9579326923076923,"[[152   1   0   0   0   0]
 [ 10 152   0   0   0   0]
 [  0   3 149   0   0   0]
 [  0   0   0 111   8   0]
 [  0   0   1   9 108   3]
 [  0   0   0   0   0 125]]",3,128
9,"[1.960706114768982, 1.3350712060928345, 0.8298674821853638, 0.5737183690071106, 0.40604516863822937, 0.3625117838382721, 0.21924656629562378, 0.1569545567035675, 0.21814078092575073, 0.2841886281967163, 0.3357914686203003, 0.13751402497291565, 0.16446726024150848, 0.14333733916282654, 0.18169242143630981, 0.16080358624458313, 0.10359363257884979, 0.11909658461809158, 0.09583564102649689, 0.08101418614387512, 0.0669386237859726, 0.07455606758594513, 0.10000138729810715, 0.0817028060555458, 0.055687159299850464, 0.12301544100046158, 0.3581121563911438, 0.24949683248996735, 0.14764291048049927, 0.12205366045236588, 0.08312474191188812, 0.062417466193437576, 0.060674939304590225, 0.08894175291061401, 0.09695107489824295, 0.10662153363227844, 0.08379270136356354, 0.03985919803380966, 0.040769219398498535, 0.03924640268087387, 0.11379367858171463, 0.07991407066583633, 0.2836798131465912, 0.381752610206604, 0.07466871291399002, 0.06663818657398224, 0.050992030650377274]","[1.210031509399414, 0.9782260060310364, 0.8205033540725708, 0.4581758677959442, 0.3034288287162781, 0.36328649520874023, 0.3779814541339874, 0.18623237311840057, 0.2596909999847412, 0.622427225112915, 0.3366784453392029, 0.22179459035396576, 0.211068794131279, 0.3588484823703766, 0.22834408283233643, 0.22102661430835724, 0.13510575890541077, 0.16062289476394653, 0.30398431420326233, 0.19764024019241333, 0.19521307945251465, 0.34380996227264404, 0.20914581418037415, 0.1919945925474167, 0.11909862607717514, 0.40089884400367737, 0.2916870713233948, 0.19864243268966675, 0.24696819484233856, 0.24099291861057281, 0.26602205634117126, 0.18379412591457367, 0.2770110070705414, 0.30178001523017883, 0.2826976180076599, 0.36159536242485046, 0.23325800895690918, 0.23344577848911285, 0.29541584849357605, 0.33569425344467163, 0.23399846255779266, 0.30936384201049805, 1.120576024055481, 0.2931186854839325, 0.18763120472431183, 0.21677161753177643, 0.2092149406671524]","[0.21348313987255096, 0.46709468960762024, 0.6982343792915344, 0.7881219983100891, 0.8571428656578064, 0.8844301700592041, 0.9197431802749634, 0.9390048384666443, 0.9341893792152405, 0.8924558758735657, 0.8892455697059631, 0.9502407908439636, 0.9454253315925598, 0.9454253315925598, 0.942215085029602, 0.9438202381134033, 0.9582664370536804, 0.9534510374069214, 0.966292142868042, 0.966292142868042, 0.9759229421615601, 0.971107542514801, 0.9598715901374817, 0.9695023894309998, 0.9775280952453613, 0.9550561904907227, 0.8956661224365234, 0.9293739795684814, 0.9534510374069214, 0.9582664370536804, 0.9630818367004395, 0.9775280952453613, 0.9743177890777588, 0.9678972959518433, 0.9582664370536804, 0.9582664370536804, 0.9727126955986023, 0.9775280952453613, 0.9839486479759216, 0.9855538010597229, 0.9582664370536804, 0.9807383418083191, 0.932584285736084, 0.9181380271911621, 0.9759229421615601, 0.9727126955986023, 0.9759229421615601]","[0.5560897588729858, 0.5929487347602844, 0.7323718070983887, 0.8493589758872986, 0.8846153616905212, 0.8605769276618958, 0.8878205418586731, 0.9503205418586731, 0.9166666865348816, 0.8301281929016113, 0.8894230723381042, 0.9310897588729858, 0.9246794581413269, 0.9102563858032227, 0.9358974099159241, 0.9198718070983887, 0.9615384340286255, 0.942307710647583, 0.9150640964508057, 0.9535256624221802, 0.9391025900840759, 0.9166666865348816, 0.9519230723381042, 0.9503205418586731, 0.9567307829856873, 0.8782051205635071, 0.9198718070983887, 0.9407051205635071, 0.9391025900840759, 0.942307710647583, 0.9551281929016113, 0.9535256624221802, 0.9471153616905212, 0.932692289352417, 0.9038461446762085, 0.9262820482254028, 0.9551281929016113, 0.9567307829856873, 0.9615384340286255, 0.9375, 0.9487179517745972, 0.9246794581413269, 0.8333333134651184, 0.9182692170143127, 0.9551281929016113, 0.9471153616905212, 0.9487179517745972]",60.07384967803955,0.9519230769230769,"[[150   3   0   0   0   0]
 [  4 157   1   0   0   0]
 [  0   5 147   0   0   0]
 [  0   0   0 104  15   0]
 [  0   0   0   5 110   6]
 [  0   0   0   0   1 124]]",3,256
10,"[1.975817322731018, 1.003178596496582, 0.6820729374885559, 0.4324049949645996, 0.3239327669143677, 0.30519819259643555, 0.20811660587787628, 0.14728178083896637, 0.1784694492816925, 0.2104109823703766, 0.14659374952316284, 0.27283239364624023, 0.4112519919872284, 0.35708922147750854, 0.18219156563282013, 0.16980865597724915, 0.13662134110927582, 0.108476422727108, 0.11279889941215515, 0.10448943078517914, 0.09026622027158737, 0.13616390526294708, 0.07823335379362106, 0.16097940504550934, 0.22429385781288147, 0.1321837604045868, 0.10169317573308945, 0.09571753442287445, 0.08320039510726929, 0.06663715094327927, 0.08337411284446716, 0.06601390987634659, 0.11218010634183884, 0.10341189056634903, 0.04136724770069122, 0.10888534784317017, 0.10131536424160004, 0.06411179900169373, 0.17838551104068756, 0.17965982854366302, 0.3094668686389923, 0.15078648924827576, 0.198398157954216, 0.09546199440956116, 0.05643216893076897, 0.08755432069301605, 0.08376859873533249, 0.07307486981153488, 0.07300948351621628, 0.059614699333906174, 0.06304951012134552, 0.06150966137647629, 0.0272259172052145, 0.027261188253760338, 0.2550075650215149, 0.1267549693584442, 0.1115681529045105, 0.05694374814629555, 0.02617412805557251, 0.039753206074237823, 0.05769718438386917, 0.03112146072089672, 0.021035877987742424, 0.11209741979837418, 0.19987989962100983, 0.8550751209259033, 0.16020607948303223, 0.04707362502813339, 0.06263722479343414, 0.062091998755931854, 0.0239481832832098, 0.024214040488004684, 0.06011339649558067, 0.04064669832587242, 0.05114518851041794, 0.09114038944244385, 0.11446559429168701, 0.033925194293260574, 0.059028614312410355, 0.04663226008415222, 0.04374929517507553, 0.024409042671322823, 0.03291007876396179, 0.03848196938633919, 0.045872583985328674, 0.05847188085317612, 0.050099927932024, 0.05830669775605202, 0.11137712001800537, 0.2044084370136261, 0.09615478664636612, 0.10280957818031311, 0.07977164536714554, 0.10761209577322006, 0.05636407434940338, 0.1686398833990097, 0.12118945270776749, 0.08514097332954407, 0.06957954168319702, 0.046197742223739624]","[1.1457818746566772, 0.7360652685165405, 0.7023671269416809, 0.3426536023616791, 0.6398289799690247, 0.36936840415000916, 0.18886704742908478, 0.2590354382991791, 0.39029523730278015, 0.20903201401233673, 0.17973245680332184, 0.6057571768760681, 0.8684346079826355, 0.1813083291053772, 0.14939403533935547, 0.2971850633621216, 0.22291670739650726, 0.2873249650001526, 0.21656745672225952, 0.15887700021266937, 0.5728455185890198, 0.1820380687713623, 0.2323020100593567, 0.26862749457359314, 0.21405388414859772, 0.16711954772472382, 0.16246114671230316, 0.19270402193069458, 0.1707185059785843, 0.1881868541240692, 0.14390374720096588, 0.27974560856819153, 0.23381103575229645, 0.17045694589614868, 0.20356035232543945, 0.32082292437553406, 0.1751834750175476, 0.2061917781829834, 0.18591605126857758, 0.22060897946357727, 0.3608277142047882, 0.22237740457057953, 0.306793749332428, 0.2329103797674179, 0.22273007035255432, 0.24352936446666718, 0.23715782165527344, 0.2317143678665161, 0.2047252655029297, 0.23740996420383453, 0.3015473783016205, 0.14882595837116241, 0.21044868230819702, 0.38674312829971313, 0.32755377888679504, 0.916372537612915, 0.18447360396385193, 0.1859206259250641, 0.19824087619781494, 0.2207590490579605, 0.15262427926063538, 0.23273083567619324, 0.20477265119552612, 0.4822515845298767, 0.19771987199783325, 0.518726646900177, 0.24252456426620483, 0.2713521420955658, 0.2966214418411255, 0.19702313840389252, 0.2591340243816376, 0.32938534021377563, 0.2568621039390564, 0.291141539812088, 0.1896781325340271, 0.3784254193305969, 0.18428781628608704, 0.299100399017334, 0.29317742586135864, 0.30574631690979004, 0.2561478912830353, 0.26389700174331665, 0.2568050026893616, 0.28612589836120605, 0.17621365189552307, 0.21469874680042267, 0.30475252866744995, 0.30001717805862427, 0.17683950066566467, 0.21818116307258606, 0.587803840637207, 0.2290649712085724, 0.288343220949173, 0.2450350672006607, 0.624157726764679, 0.2580510973930359, 0.21212482452392578, 0.28052714467048645, 0.3581235408782959, 0.24561679363250732]","[0.2584269642829895, 0.5987159013748169, 0.7495987415313721, 0.8555377125740051, 0.8908507227897644, 0.9020866751670837, 0.9213483333587646, 0.9550561904907227, 0.9390048384666443, 0.9261637330055237, 0.9534510374069214, 0.932584285736084, 0.9020866751670837, 0.8940609693527222, 0.9309791326522827, 0.9406099319458008, 0.9582664370536804, 0.9695023894309998, 0.9518458843231201, 0.9550561904907227, 0.9759229421615601, 0.9582664370536804, 0.9695023894309998, 0.9550561904907227, 0.9470304846763611, 0.9582664370536804, 0.9727126955986023, 0.966292142868042, 0.966292142868042, 0.9743177890777588, 0.9743177890777588, 0.9775280952453613, 0.9743177890777588, 0.966292142868042, 0.9823434948921204, 0.9630818367004395, 0.966292142868042, 0.9823434948921204, 0.961476743221283, 0.9534510374069214, 0.932584285736084, 0.961476743221283, 0.9502407908439636, 0.961476743221283, 0.9823434948921204, 0.9695023894309998, 0.9759229421615601, 0.9775280952453613, 0.9743177890777588, 0.9727126955986023, 0.9775280952453613, 0.9775280952453613, 0.9903692007064819, 0.9903692007064819, 0.937399685382843, 0.9534510374069214, 0.9598715901374817, 0.9759229421615601, 0.9919742941856384, 0.9887640476226807, 0.9759229421615601, 0.9887640476226807, 0.995184600353241, 0.971107542514801, 0.9470304846763611, 0.8908507227897644, 0.9534510374069214, 0.9839486479759216, 0.9775280952453613, 0.9743177890777588, 0.9919742941856384, 0.9935794472694397, 0.9791332483291626, 0.9887640476226807, 0.9823434948921204, 0.9807383418083191, 0.9727126955986023, 0.9871588945388794, 0.9775280952453613, 0.9855538010597229, 0.9823434948921204, 0.995184600353241, 0.9871588945388794, 0.9887640476226807, 0.9791332483291626, 0.9839486479759216, 0.9823434948921204, 0.9807383418083191, 0.9759229421615601, 0.9470304846763611, 0.9775280952453613, 0.9695023894309998, 0.9823434948921204, 0.966292142868042, 0.9791332483291626, 0.966292142868042, 0.9695023894309998, 0.9743177890777588, 0.971107542514801, 0.9871588945388794]","[0.5512820482254028, 0.7323718070983887, 0.7307692170143127, 0.8653846383094788, 0.7804487347602844, 0.9006410241127014, 0.932692289352417, 0.9070512652397156, 0.8541666865348816, 0.9455128312110901, 0.9455128312110901, 0.8060897588729858, 0.7628205418586731, 0.9375, 0.9439102411270142, 0.9230769276618958, 0.942307710647583, 0.9310897588729858, 0.9294871687889099, 0.9455128312110901, 0.8413461446762085, 0.9391025900840759, 0.932692289352417, 0.9294871687889099, 0.9519230723381042, 0.9455128312110901, 0.9535256624221802, 0.9567307829856873, 0.9487179517745972, 0.9407051205635071, 0.9583333134651184, 0.9407051205635071, 0.9455128312110901, 0.9519230723381042, 0.9567307829856873, 0.9310897588729858, 0.9615384340286255, 0.9519230723381042, 0.9342948794364929, 0.9391025900840759, 0.9198718070983887, 0.9615384340286255, 0.9246794581413269, 0.9342948794364929, 0.9647436141967773, 0.9519230723381042, 0.9615384340286255, 0.9567307829856873, 0.9599359035491943, 0.9631410241127014, 0.9407051205635071, 0.9615384340286255, 0.9487179517745972, 0.9358974099159241, 0.9070512652397156, 0.8990384340286255, 0.9567307829856873, 0.9535256624221802, 0.9551281929016113, 0.9615384340286255, 0.9567307829856873, 0.9471153616905212, 0.9567307829856873, 0.7660256624221802, 0.9391025900840759, 0.9038461446762085, 0.942307710647583, 0.9583333134651184, 0.9439102411270142, 0.9695512652397156, 0.9439102411270142, 0.9535256624221802, 0.9342948794364929, 0.9278846383094788, 0.9615384340286255, 0.9487179517745972, 0.9439102411270142, 0.9535256624221802, 0.9455128312110901, 0.942307710647583, 0.9471153616905212, 0.9535256624221802, 0.9599359035491943, 0.9551281929016113, 0.9695512652397156, 0.9487179517745972, 0.9519230723381042, 0.942307710647583, 0.9583333134651184, 0.932692289352417, 0.9246794581413269, 0.9455128312110901, 0.9471153616905212, 0.9535256624221802, 0.9391025900840759, 0.942307710647583, 0.9519230723381042, 0.9375, 0.9391025900840759, 0.9535256624221802]",149.93949723243713,0.9735576923076923,"[[153   0   0   0   0   0]
 [  7 153   2   0   0   0]
 [  0   3 149   0   0   0]
 [  0   0   0 116   3   0]
 [  0   0   0   4 114   3]
 [  0   0   0   0   0 125]]",3,512
11,"[2.2627739906311035, 1.2574775218963623, 0.7313321828842163, 0.4446905255317688, 0.35776475071907043, 0.30902186036109924, 0.30357229709625244, 0.16228839755058289, 0.17137818038463593, 0.17472565174102783, 0.15177547931671143, 0.20248980820178986, 0.16079603135585785, 0.17530521750450134, 0.11366020888090134, 0.18926893174648285, 0.1151435598731041, 0.09100321680307388, 0.1969648003578186, 0.4824700653553009, 0.2800200283527374, 0.16466562449932098, 0.2013811469078064, 0.1179286390542984, 0.06951756030321121, 0.11972185224294662, 0.06324975937604904, 0.05394392088055611, 0.07618360966444016, 0.1723991185426712, 0.1690237820148468, 0.1278602033853531, 0.4473784863948822, 0.4501453936100006, 0.4792090952396393, 0.15203054249286652, 0.07361137121915817, 0.056112296879291534, 0.03840794041752815, 0.05214637145400047, 0.0317925363779068, 0.0459887832403183, 0.049543026834726334, 0.044293198734521866, 0.026010727509856224, 0.028514135628938675, 0.05995557829737663, 0.05567898973822594, 0.07564911246299744, 0.23586338758468628, 0.3187725245952606, 0.21042190492153168, 0.11200430244207382, 0.14186735451221466, 0.10066107660531998, 0.043357014656066895, 0.042685478925704956, 0.04527547210454941, 0.0346083790063858, 0.06797456741333008, 0.12589584290981293, 0.11009916663169861, 0.20319189131259918, 0.23117473721504211, 0.10496195405721664, 0.05264084413647652, 0.029162438586354256, 0.02814185991883278, 0.020758967846632004, 0.07427772879600525, 0.037535641342401505, 0.02696935273706913, 0.032035570591688156, 0.021605605259537697, 0.017539696767926216, 0.029790254309773445, 0.018984856083989143, 0.08578850328922272, 0.10763193666934967, 0.11131312698125839, 0.33710628747940063, 0.13513408601284027, 0.07456483691930771, 0.07640749961137772, 0.023815497756004333, 0.02135077491402626, 0.07939000427722931, 0.07586093991994858, 0.052683137357234955, 0.03660842776298523, 0.01645933836698532, 0.19244003295898438, 0.12310903519392014, 0.09765889495611191, 0.061692893505096436, 0.15074360370635986, 0.18593071401119232, 0.07447093725204468, 0.12998782098293304, 0.046620383858680725]","[1.5394328832626343, 0.8749063014984131, 0.7654044032096863, 0.37173473834991455, 0.3050045967102051, 0.43357551097869873, 0.37319886684417725, 0.2554728388786316, 0.19493603706359863, 0.2011420577764511, 0.2825391888618469, 0.35648077726364136, 0.24767819046974182, 0.22299671173095703, 0.2169150859117508, 0.22812432050704956, 0.1842363327741623, 0.32910317182540894, 0.39637690782546997, 0.1742863953113556, 0.47441819310188293, 0.8107439279556274, 0.23803046345710754, 0.15440315008163452, 0.1845751851797104, 0.33706560730934143, 0.24390926957130432, 0.3284304141998291, 0.2650768458843231, 0.37285664677619934, 0.21454882621765137, 0.3578592836856842, 0.7745532393455505, 0.8700931072235107, 0.26453566551208496, 0.1807592809200287, 0.1420595645904541, 0.14153289794921875, 0.1432826668024063, 0.12391982972621918, 0.14071594178676605, 0.12659001350402832, 0.150473490357399, 0.1858150213956833, 0.15874812006950378, 0.20218060910701752, 0.1766039878129959, 0.21365584433078766, 0.24986271560192108, 1.0499683618545532, 0.6401711106300354, 0.33966508507728577, 0.45884424448013306, 0.4209688603878021, 0.2651393413543701, 0.5136032104492188, 0.23469795286655426, 0.37784796953201294, 0.3750220239162445, 0.39106932282447815, 0.5657550692558289, 0.21554210782051086, 0.21590057015419006, 0.17967821657657623, 0.14534153044223785, 0.17588718235492706, 0.20859092473983765, 0.1433708220720291, 0.33320683240890503, 0.2646927237510681, 0.19045612215995789, 0.20274470746517181, 0.19053252041339874, 0.25281500816345215, 0.1867663413286209, 0.21349753439426422, 0.3173116147518158, 0.28591376543045044, 0.2924787700176239, 0.22587928175926208, 0.3144070506095886, 0.253219336271286, 0.4982876479625702, 0.23855111002922058, 0.28606951236724854, 0.1377417892217636, 0.36892855167388916, 0.46898865699768066, 0.18286637961864471, 0.20972903072834015, 0.30643945932388306, 0.5705019235610962, 0.45056435465812683, 0.228302001953125, 0.7283438444137573, 0.7114083766937256, 0.27855536341667175, 0.5755165815353394, 0.3187745213508606, 0.3201806843280792]","[0.2568218410015106, 0.47993579506874084, 0.7110754251480103, 0.8346709609031677, 0.8731942176818848, 0.9004815220832825, 0.898876428604126, 0.9470304846763611, 0.9486356377601624, 0.9502407908439636, 0.9438202381134033, 0.9357945322990417, 0.9534510374069214, 0.9470304846763611, 0.9646869897842407, 0.9470304846763611, 0.9582664370536804, 0.9630818367004395, 0.942215085029602, 0.8844301700592041, 0.9245585799217224, 0.9390048384666443, 0.9470304846763611, 0.9550561904907227, 0.9759229421615601, 0.966292142868042, 0.9791332483291626, 0.9807383418083191, 0.9759229421615601, 0.9406099319458008, 0.9454253315925598, 0.961476743221283, 0.903691828250885, 0.9020866751670837, 0.9052969217300415, 0.9582664370536804, 0.971107542514801, 0.9807383418083191, 0.9807383418083191, 0.9807383418083191, 0.9823434948921204, 0.9871588945388794, 0.9855538010597229, 0.9807383418083191, 0.9855538010597229, 0.9887640476226807, 0.9855538010597229, 0.9839486479759216, 0.9727126955986023, 0.9390048384666443, 0.9229534268379211, 0.937399685382843, 0.9759229421615601, 0.9566613435745239, 0.9678972959518433, 0.9807383418083191, 0.9839486479759216, 0.9823434948921204, 0.9823434948921204, 0.9823434948921204, 0.9775280952453613, 0.9775280952453613, 0.9646869897842407, 0.9486356377601624, 0.961476743221283, 0.9727126955986023, 0.9871588945388794, 0.9871588945388794, 0.9919742941856384, 0.9823434948921204, 0.9855538010597229, 0.9871588945388794, 0.9871588945388794, 0.9935794472694397, 0.9935794472694397, 0.9887640476226807, 0.9935794472694397, 0.9775280952453613, 0.966292142868042, 0.9678972959518433, 0.9406099319458008, 0.9646869897842407, 0.9759229421615601, 0.9791332483291626, 0.9919742941856384, 0.9935794472694397, 0.9791332483291626, 0.9759229421615601, 0.9727126955986023, 0.9871588945388794, 0.9935794472694397, 0.9598715901374817, 0.9630818367004395, 0.9743177890777588, 0.9807383418083191, 0.9582664370536804, 0.9646869897842407, 0.9839486479759216, 0.9743177890777588, 0.9871588945388794]","[0.30608972907066345, 0.6410256624221802, 0.682692289352417, 0.8621794581413269, 0.8926281929016113, 0.8493589758872986, 0.8894230723381042, 0.9246794581413269, 0.9551281929016113, 0.9567307829856873, 0.9342948794364929, 0.8493589758872986, 0.9278846383094788, 0.9535256624221802, 0.9535256624221802, 0.9503205418586731, 0.9471153616905212, 0.9150640964508057, 0.8717948794364929, 0.9487179517745972, 0.8669871687889099, 0.9134615659713745, 0.9407051205635071, 0.9631410241127014, 0.942307710647583, 0.9198718070983887, 0.9599359035491943, 0.9503205418586731, 0.932692289352417, 0.9198718070983887, 0.9535256624221802, 0.9102563858032227, 0.7852563858032227, 0.8942307829856873, 0.932692289352417, 0.9615384340286255, 0.9647436141967773, 0.9487179517745972, 0.9631410241127014, 0.9647436141967773, 0.9615384340286255, 0.9663461446762085, 0.9663461446762085, 0.9583333134651184, 0.9615384340286255, 0.9679487347602844, 0.9695512652397156, 0.9679487347602844, 0.9342948794364929, 0.879807710647583, 0.8782051205635071, 0.9567307829856873, 0.9278846383094788, 0.9567307829856873, 0.9663461446762085, 0.9599359035491943, 0.9567307829856873, 0.9615384340286255, 0.9679487347602844, 0.9615384340286255, 0.9567307829856873, 0.9663461446762085, 0.9727563858032227, 0.9551281929016113, 0.942307710647583, 0.9599359035491943, 0.9599359035491943, 0.9679487347602844, 0.9551281929016113, 0.9375, 0.9663461446762085, 0.9615384340286255, 0.9647436141967773, 0.9759615659713745, 0.9487179517745972, 0.9615384340286255, 0.9647436141967773, 0.9439102411270142, 0.9599359035491943, 0.9455128312110901, 0.9391025900840759, 0.9663461446762085, 0.9471153616905212, 0.9583333134651184, 0.9647436141967773, 0.9567307829856873, 0.9727563858032227, 0.9631410241127014, 0.9647436141967773, 0.9663461446762085, 0.9647436141967773, 0.942307710647583, 0.9583333134651184, 0.9663461446762085, 0.9310897588729858, 0.9551281929016113, 0.9487179517745972, 0.942307710647583, 0.9615384340286255, 0.9727563858032227]",316.2128119468689,0.9771634615384616,"[[153   0   0   0   0   0]
 [  7 150   5   0   0   0]
 [  0   0 152   0   0   0]
 [  2   0   0 117   0   0]
 [  0   0   1   2 117   1]
 [  0   0   0   0   1 124]]",3,1024
12,"[1.9692775011062622, 1.3564411401748657, 0.6968420743942261, 0.45497897267341614, 0.4140864610671997, 0.29465970396995544, 0.2747498154640198, 0.21089838445186615, 0.2762436866760254, 0.20175763964653015, 0.18526506423950195, 0.2059059888124466, 0.15175268054008484, 0.13351081311702728, 0.1500931829214096, 0.1365206241607666, 0.2486591637134552, 0.262696772813797, 0.14432132244110107, 0.1488848775625229, 0.14510226249694824, 0.0972435250878334, 0.09919525682926178, 0.09650282561779022, 0.10393908619880676, 0.11707738041877747, 0.07789698988199234, 0.07089559733867645, 0.06630337983369827, 0.13764365017414093, 0.1412832885980606, 0.1194152683019638, 0.1810784637928009, 0.11648361384868622, 0.20874625444412231, 0.14384126663208008, 0.11481253057718277, 0.14149527251720428, 0.03086990863084793, 0.08747648447751999, 0.053834617137908936, 0.03072400391101837, 0.03475883603096008, 0.10866709798574448, 0.09799977391958237, 0.03973071649670601, 0.13499274849891663, 0.07292365282773972, 0.09733225405216217, 0.08062686771154404, 0.11260480433702469, 0.10658136755228043, 0.09578156471252441, 0.09898451715707779, 0.06587506085634232, 0.10482169687747955, 0.05568673089146614, 0.09833306074142456, 0.05763215199112892, 0.04086306691169739, 0.028082968667149544, 0.07435519248247147, 0.03799787163734436, 0.04133446142077446, 0.07076049596071243, 0.06028434634208679, 0.049966633319854736, 0.08814720809459686, 0.04738617315888405, 0.054533787071704865, 0.22487671673297882, 0.15157292783260345, 0.12468622624874115, 0.10758603364229202, 0.081642284989357, 0.08745885640382767, 0.032084155827760696, 0.04473181441426277, 0.02620786800980568, 0.048954226076602936, 0.01480528898537159, 0.034406017512083054]","[1.3121585845947266, 0.7315277457237244, 0.6575399041175842, 0.5859861969947815, 0.3007297217845917, 0.16480544209480286, 0.19298793375492096, 0.5235790014266968, 0.215443953871727, 0.22472861409187317, 0.24708721041679382, 0.13693057000637054, 0.12473156303167343, 0.31294912099838257, 0.26776161789894104, 0.2895627021789551, 0.6873704195022583, 0.3107563257217407, 0.15999451279640198, 0.43928655982017517, 0.28062501549720764, 0.1493859589099884, 0.20694614946842194, 0.1499076783657074, 0.1790870577096939, 0.18425032496452332, 0.10564029961824417, 0.12185344845056534, 0.2691875100135803, 0.26318028569221497, 0.1842638999223709, 0.27305009961128235, 0.34452685713768005, 0.34444013237953186, 0.2672688364982605, 0.21410000324249268, 0.385219007730484, 0.19440488517284393, 0.3176814019680023, 0.24368290603160858, 0.14931665360927582, 0.21584247052669525, 0.3098485469818115, 0.44679808616638184, 0.15075184404850006, 0.19536198675632477, 0.20278969407081604, 0.22157154977321625, 0.1670902818441391, 0.27608412504196167, 0.24561801552772522, 0.13126307725906372, 0.1669270545244217, 0.16520185768604279, 0.15754881501197815, 0.1603444665670395, 0.15740172564983368, 0.162374809384346, 0.16126863658428192, 0.1485344022512436, 0.29829782247543335, 0.19461104273796082, 0.1788443922996521, 0.19046050310134888, 0.1899167150259018, 0.291942834854126, 0.20691220462322235, 0.16358545422554016, 0.19367769360542297, 0.19895336031913757, 0.2716926038265228, 0.5627245306968689, 0.32380497455596924, 0.23528149724006653, 0.22731511294841766, 0.20907600224018097, 0.21899719536304474, 0.23722252249717712, 0.24336059391498566, 0.22119823098182678, 0.24559937417507172, 0.20842067897319794]","[0.18780095875263214, 0.46548956632614136, 0.7399678826332092, 0.8314606547355652, 0.869983971118927, 0.8892455697059631, 0.8940609693527222, 0.9293739795684814, 0.9165329337120056, 0.9213483333587646, 0.9454253315925598, 0.9197431802749634, 0.9357945322990417, 0.9534510374069214, 0.9438202381134033, 0.9582664370536804, 0.9133226275444031, 0.9052969217300415, 0.9550561904907227, 0.9550561904907227, 0.9518458843231201, 0.9727126955986023, 0.9695023894309998, 0.9678972959518433, 0.9566613435745239, 0.9630818367004395, 0.9727126955986023, 0.9695023894309998, 0.9727126955986023, 0.961476743221283, 0.9518458843231201, 0.9630818367004395, 0.9341893792152405, 0.9630818367004395, 0.9486356377601624, 0.9582664370536804, 0.9646869897842407, 0.9630818367004395, 0.995184600353241, 0.9743177890777588, 0.9791332483291626, 0.9903692007064819, 0.9903692007064819, 0.9678972959518433, 0.9630818367004395, 0.9839486479759216, 0.9566613435745239, 0.971107542514801, 0.9678972959518433, 0.9727126955986023, 0.9566613435745239, 0.966292142868042, 0.966292142868042, 0.9598715901374817, 0.9759229421615601, 0.9646869897842407, 0.9839486479759216, 0.9743177890777588, 0.9807383418083191, 0.9839486479759216, 0.9871588945388794, 0.9759229421615601, 0.9823434948921204, 0.9791332483291626, 0.9791332483291626, 0.9855538010597229, 0.9887640476226807, 0.9727126955986023, 0.9823434948921204, 0.9807383418083191, 0.9534510374069214, 0.9630818367004395, 0.9598715901374817, 0.9630818367004395, 0.9678972959518433, 0.9695023894309998, 0.9871588945388794, 0.9871588945388794, 0.9887640476226807, 0.9855538010597229, 0.995184600353241, 0.9807383418083191]","[0.2916666567325592, 0.7516025900840759, 0.7996794581413269, 0.7884615659713745, 0.8974359035491943, 0.9439102411270142, 0.9310897588729858, 0.8477563858032227, 0.9182692170143127, 0.9262820482254028, 0.9118589758872986, 0.9455128312110901, 0.9455128312110901, 0.9118589758872986, 0.9278846383094788, 0.9086538553237915, 0.8108974099159241, 0.9118589758872986, 0.942307710647583, 0.9102563858032227, 0.9262820482254028, 0.9647436141967773, 0.9471153616905212, 0.9695512652397156, 0.9551281929016113, 0.942307710647583, 0.9599359035491943, 0.9631410241127014, 0.9118589758872986, 0.9230769276618958, 0.9310897588729858, 0.9278846383094788, 0.9022436141967773, 0.9375, 0.9310897588729858, 0.9439102411270142, 0.9246794581413269, 0.9503205418586731, 0.9391025900840759, 0.9391025900840759, 0.9647436141967773, 0.9503205418586731, 0.9391025900840759, 0.9230769276618958, 0.9583333134651184, 0.9647436141967773, 0.9375, 0.9294871687889099, 0.9695512652397156, 0.9342948794364929, 0.9471153616905212, 0.9711538553237915, 0.9599359035491943, 0.9631410241127014, 0.9615384340286255, 0.9583333134651184, 0.9599359035491943, 0.9551281929016113, 0.9519230723381042, 0.9631410241127014, 0.9519230723381042, 0.9551281929016113, 0.9567307829856873, 0.9471153616905212, 0.9487179517745972, 0.9375, 0.9487179517745972, 0.9503205418586731, 0.9615384340286255, 0.9679487347602844, 0.9471153616905212, 0.8958333134651184, 0.9310897588729858, 0.9551281929016113, 0.9407051205635071, 0.9551281929016113, 0.9471153616905212, 0.9567307829856873, 0.9519230723381042, 0.9615384340286255, 0.9599359035491943, 0.9567307829856873]",170.07161569595337,0.9639423076923077,"[[152   1   0   0   0   0]
 [  7 155   0   0   0   0]
 [  0   1 150   0   1   0]
 [  0   0   0 109  10   0]
 [  0   0   0   6 111   4]
 [  0   0   0   0   0 125]]",4,128
13,"[1.925549864768982, 1.2456731796264648, 0.7960826754570007, 0.38325291872024536, 0.36163991689682007, 0.25024813413619995, 0.157657191157341, 0.1777404248714447, 0.14546330273151398, 0.1614733636379242, 0.20388513803482056, 0.21199968457221985, 0.154893159866333, 0.1133410632610321, 0.11456768959760666, 0.12375247478485107, 0.12666673958301544, 0.09100520610809326, 0.0862216055393219, 0.12439027428627014, 0.20067015290260315, 0.13259288668632507, 0.19693607091903687, 0.1411125361919403, 0.12643897533416748, 0.16918611526489258, 0.21848024427890778, 0.12133731693029404, 0.2004924863576889, 0.08929469436407089, 0.09529604762792587, 0.06835079193115234, 0.07246049493551254, 0.04446348547935486, 0.038445159792900085, 0.03344695642590523, 0.03458089753985405, 0.0880449041724205, 0.055182527750730515, 0.05003620311617851, 0.06184205785393715, 0.05045714229345322, 0.119539275765419, 0.1409621387720108, 0.2321210652589798, 0.30185672640800476, 0.09163819253444672, 0.08951467275619507, 0.052840456366539, 0.03272932767868042, 0.06978482007980347, 0.050336502492427826, 0.03627244383096695, 0.044939082115888596, 0.07433950155973434, 0.05707007646560669, 0.05112644284963608, 0.0715738981962204, 0.06726137548685074, 0.1922508180141449, 0.18918684124946594, 0.16567371785640717, 0.11068830639123917, 0.04034551605582237, 0.025256549939513206]","[1.4674019813537598, 1.304002285003662, 0.4372967481613159, 0.342276394367218, 0.3956165611743927, 0.30458542704582214, 0.30436182022094727, 0.2905881702899933, 0.1822746992111206, 0.24832163751125336, 0.15150319039821625, 0.17235040664672852, 0.12709811329841614, 0.25328415632247925, 0.16239683330059052, 0.23390647768974304, 0.16302883625030518, 0.1852990984916687, 0.1583487093448639, 0.20491354167461395, 0.2831665873527527, 0.20560322701931, 0.1605648696422577, 0.2579643130302429, 0.3754807412624359, 0.2364458441734314, 0.2076442688703537, 0.1850697249174118, 0.29746484756469727, 0.17652733623981476, 0.1759856790304184, 0.13912007212638855, 0.13862167298793793, 0.18086722493171692, 0.15873762965202332, 0.21779799461364746, 0.17459195852279663, 0.18269143998622894, 0.2954827547073364, 0.140960693359375, 0.17164675891399384, 0.26109078526496887, 0.20288784801959991, 0.40351954102516174, 0.7352392077445984, 0.16359001398086548, 0.17113307118415833, 0.2641925513744354, 0.21571636199951172, 0.23550622165203094, 0.18581050634384155, 0.18183894455432892, 0.2752626836299896, 0.147307887673378, 0.206767275929451, 0.3489769697189331, 0.31980910897254944, 0.29977789521217346, 0.3881440758705139, 0.5132187604904175, 0.23330184817314148, 0.425173819065094, 0.23386965692043304, 0.15115292370319366, 0.179500013589859]","[0.272873193025589, 0.51203852891922, 0.6982343792915344, 0.8571428656578064, 0.8683788180351257, 0.9101123809814453, 0.9438202381134033, 0.942215085029602, 0.9438202381134033, 0.9534510374069214, 0.9390048384666443, 0.927768886089325, 0.9454253315925598, 0.9566613435745239, 0.9582664370536804, 0.961476743221283, 0.9518458843231201, 0.9534510374069214, 0.9630818367004395, 0.9566613435745239, 0.942215085029602, 0.9550561904907227, 0.9454253315925598, 0.9406099319458008, 0.9518458843231201, 0.9550561904907227, 0.937399685382843, 0.9582664370536804, 0.9438202381134033, 0.9759229421615601, 0.966292142868042, 0.9775280952453613, 0.971107542514801, 0.9839486479759216, 0.9871588945388794, 0.9839486479759216, 0.9871588945388794, 0.9743177890777588, 0.9791332483291626, 0.9871588945388794, 0.9775280952453613, 0.9759229421615601, 0.9582664370536804, 0.9518458843231201, 0.932584285736084, 0.9245585799217224, 0.9678972959518433, 0.9775280952453613, 0.9839486479759216, 0.9871588945388794, 0.971107542514801, 0.9791332483291626, 0.9823434948921204, 0.9887640476226807, 0.9695023894309998, 0.9807383418083191, 0.9791332483291626, 0.9775280952453613, 0.9759229421615601, 0.9454253315925598, 0.961476743221283, 0.9646869897842407, 0.9598715901374817, 0.9839486479759216, 0.9919742941856384]","[0.27243590354919434, 0.3076923191547394, 0.8397436141967773, 0.8878205418586731, 0.8525640964508057, 0.8846153616905212, 0.9166666865348816, 0.9182692170143127, 0.9294871687889099, 0.9358974099159241, 0.9551281929016113, 0.942307710647583, 0.9535256624221802, 0.9214743375778198, 0.9599359035491943, 0.9487179517745972, 0.9503205418586731, 0.9230769276618958, 0.9487179517745972, 0.9262820482254028, 0.9038461446762085, 0.9551281929016113, 0.9599359035491943, 0.9391025900840759, 0.9294871687889099, 0.9391025900840759, 0.9086538553237915, 0.9535256624221802, 0.9358974099159241, 0.9599359035491943, 0.942307710647583, 0.9455128312110901, 0.9583333134651184, 0.9519230723381042, 0.9663461446762085, 0.9519230723381042, 0.9599359035491943, 0.9567307829856873, 0.9278846383094788, 0.9631410241127014, 0.9583333134651184, 0.9487179517745972, 0.9407051205635071, 0.8990384340286255, 0.7804487347602844, 0.9503205418586731, 0.9455128312110901, 0.9455128312110901, 0.9535256624221802, 0.9583333134651184, 0.9487179517745972, 0.9631410241127014, 0.9583333134651184, 0.9631410241127014, 0.9471153616905212, 0.879807710647583, 0.9439102411270142, 0.9631410241127014, 0.9375, 0.9262820482254028, 0.9278846383094788, 0.9230769276618958, 0.9519230723381042, 0.9599359035491943, 0.9647436141967773]",136.81999945640564,0.9675480769230769,"[[152   1   0   0   0   0]
 [  4 154   4   0   0   0]
 [  0   2 150   0   0   0]
 [  0   0   0 110   9   0]
 [  0   0   0   3 114   4]
 [  0   0   0   0   0 125]]",4,256
14,"[2.103109359741211, 1.485329508781433, 0.7637152671813965, 0.5452934503555298, 0.3090929687023163, 0.281381756067276, 0.39854520559310913, 0.24740630388259888, 0.18504591286182404, 0.17067795991897583, 0.18973909318447113, 0.17550408840179443, 0.13641691207885742, 0.12572751939296722, 0.23011672496795654, 0.33893102407455444, 0.1759367287158966, 0.07441491633653641, 0.07256029546260834, 0.09187200665473938, 0.1424766629934311, 0.15791378915309906, 0.337179034948349, 0.1182461604475975, 0.17492754757404327, 0.1750803291797638, 0.07228072732686996, 0.09194307029247284, 0.04269461706280708, 0.1531650722026825, 0.2666996717453003, 0.48017072677612305, 0.18631412088871002, 0.08853285759687424, 0.055820681154727936, 0.09127926081418991, 0.08381995558738708, 0.0628492534160614, 0.04613029211759567, 0.04103695601224899, 0.02931252308189869, 0.10725642740726471, 0.37735024094581604, 0.14781884849071503, 0.06206989288330078, 0.06330567598342896, 0.023827239871025085, 0.05348489060997963, 0.06490152329206467, 0.023488404229283333, 0.0834014043211937, 0.1517774760723114, 0.11679735779762268, 0.17320328950881958, 0.08545926213264465, 0.2762141227722168, 0.11982780694961548, 0.09270931035280228, 0.12864425778388977, 0.14113737642765045, 0.03678594157099724, 0.052047453820705414, 0.026858659461140633, 0.031914517283439636, 0.024755066260695457, 0.02968309260904789, 0.08646582812070847, 0.0825088620185852, 0.09896329790353775, 0.06989111006259918, 0.12608911097049713, 0.12630577385425568, 0.17875626683235168, 0.20772436261177063, 0.11017947643995285, 0.029953327029943466, 0.020523402839899063, 0.04160524532198906, 0.024533258751034737, 0.06310705095529556, 0.039561256766319275, 0.06784705072641373, 0.07830623537302017, 0.07871562242507935, 0.32311221957206726, 0.14155015349388123, 0.11699073016643524, 0.05133241415023804, 0.06722793728113174, 0.03000968135893345, 0.032977987080812454, 0.06687244027853012, 0.030572397634387016, 0.023724904283881187, 0.05672519654035568, 0.017363769933581352, 0.03924177587032318, 0.09153268486261368, 0.05105279013514519, 0.08762948960065842]","[1.7401074171066284, 1.0812631845474243, 0.3504655659198761, 0.2849181890487671, 0.3085663616657257, 0.4334105849266052, 0.580595850944519, 0.1859096884727478, 0.22981849312782288, 0.14907358586788177, 0.3869020342826843, 0.344008207321167, 0.1914699375629425, 0.18046675622463226, 0.3288637399673462, 0.24707485735416412, 0.24806468188762665, 0.2825457751750946, 0.3135276436805725, 0.29071271419525146, 0.22723902761936188, 0.5818038582801819, 0.2581145763397217, 0.1814286708831787, 0.18978898227214813, 0.1772434115409851, 0.2687661349773407, 0.2256953865289688, 0.32088011503219604, 0.34628811478614807, 0.37801963090896606, 0.37963542342185974, 0.2695622444152832, 0.20165443420410156, 0.22332903742790222, 0.213797464966774, 0.1749393194913864, 0.26062604784965515, 0.3029116988182068, 0.25907033681869507, 0.28568220138549805, 0.1905769407749176, 0.3191451132297516, 0.20170609652996063, 0.393775075674057, 0.24861106276512146, 0.2503199279308319, 0.22954998910427094, 0.42056044936180115, 0.36169400811195374, 0.2352006882429123, 0.2001791149377823, 0.373176246881485, 0.3924776315689087, 0.43417638540267944, 0.6907786726951599, 0.26655900478363037, 0.24216444790363312, 0.23433662950992584, 0.3725169897079468, 0.24933619797229767, 0.25625738501548767, 0.2833515703678131, 0.32913342118263245, 0.2976198196411133, 0.3142327070236206, 0.30742210149765015, 0.2563709020614624, 0.28300192952156067, 0.2565405070781708, 0.19440916180610657, 0.273418128490448, 0.38910096883773804, 1.0910694599151611, 0.2544640004634857, 0.2701304256916046, 0.32002195715904236, 0.27318665385246277, 0.4541662037372589, 0.2733669877052307, 0.2078062742948532, 0.1874915212392807, 0.17808063328266144, 0.37855958938598633, 0.3020819425582886, 0.2258448302745819, 0.29719918966293335, 0.39862704277038574, 0.23647868633270264, 0.2191869020462036, 0.32684364914894104, 0.2457878589630127, 0.294757217168808, 0.3563250005245209, 0.2905266284942627, 0.3505760729312897, 0.42845115065574646, 0.40581855177879333, 0.2940492033958435, 0.22648510336875916]","[0.23274478316307068, 0.40449437499046326, 0.7062600255012512, 0.812199056148529, 0.8924558758735657, 0.8908507227897644, 0.8828250169754028, 0.9004815220832825, 0.937399685382843, 0.927768886089325, 0.937399685382843, 0.9390048384666443, 0.9550561904907227, 0.9438202381134033, 0.932584285736084, 0.8956661224365234, 0.9341893792152405, 0.966292142868042, 0.9791332483291626, 0.971107542514801, 0.9454253315925598, 0.9486356377601624, 0.9165329337120056, 0.9582664370536804, 0.9470304846763611, 0.9309791326522827, 0.9695023894309998, 0.9695023894309998, 0.9823434948921204, 0.9598715901374817, 0.9181380271911621, 0.8908507227897644, 0.9390048384666443, 0.9646869897842407, 0.9823434948921204, 0.966292142868042, 0.9646869897842407, 0.9775280952453613, 0.9823434948921204, 0.9839486479759216, 0.9903692007064819, 0.9630818367004395, 0.9181380271911621, 0.9598715901374817, 0.9743177890777588, 0.9727126955986023, 0.9887640476226807, 0.9871588945388794, 0.9759229421615601, 0.9903692007064819, 0.9775280952453613, 0.9678972959518433, 0.9695023894309998, 0.9502407908439636, 0.9743177890777588, 0.9534510374069214, 0.9695023894309998, 0.9678972959518433, 0.9630818367004395, 0.9646869897842407, 0.9887640476226807, 0.9807383418083191, 0.9919742941856384, 0.9871588945388794, 0.9871588945388794, 0.9887640476226807, 0.9695023894309998, 0.9695023894309998, 0.9695023894309998, 0.971107542514801, 0.961476743221283, 0.9727126955986023, 0.9566613435745239, 0.9518458843231201, 0.9759229421615601, 0.9887640476226807, 0.9919742941856384, 0.9887640476226807, 0.9935794472694397, 0.9823434948921204, 0.9839486479759216, 0.9807383418083191, 0.9775280952453613, 0.9678972959518433, 0.9486356377601624, 0.966292142868042, 0.9646869897842407, 0.9839486479759216, 0.971107542514801, 0.9919742941856384, 0.9919742941856384, 0.9823434948921204, 0.9855538010597229, 0.9871588945388794, 0.9823434948921204, 0.9919742941856384, 0.9903692007064819, 0.9887640476226807, 0.9807383418083191, 0.9678972959518433]","[0.3092948794364929, 0.5224359035491943, 0.8573718070983887, 0.8942307829856873, 0.8910256624221802, 0.8493589758872986, 0.7788461446762085, 0.9214743375778198, 0.9455128312110901, 0.9455128312110901, 0.8846153616905212, 0.9262820482254028, 0.9503205418586731, 0.9358974099159241, 0.8717948794364929, 0.9198718070983887, 0.9246794581413269, 0.9214743375778198, 0.9246794581413269, 0.9246794581413269, 0.9439102411270142, 0.9118589758872986, 0.9118589758872986, 0.9358974099159241, 0.9551281929016113, 0.9455128312110901, 0.9214743375778198, 0.9535256624221802, 0.9487179517745972, 0.8910256624221802, 0.8974359035491943, 0.9054487347602844, 0.9391025900840759, 0.9375, 0.9439102411270142, 0.9471153616905212, 0.9567307829856873, 0.9551281929016113, 0.932692289352417, 0.9535256624221802, 0.942307710647583, 0.9551281929016113, 0.8878205418586731, 0.9487179517745972, 0.9278846383094788, 0.9487179517745972, 0.9551281929016113, 0.9407051205635071, 0.9054487347602844, 0.9407051205635071, 0.9535256624221802, 0.9439102411270142, 0.9391025900840759, 0.9294871687889099, 0.9391025900840759, 0.8044871687889099, 0.9342948794364929, 0.9583333134651184, 0.9503205418586731, 0.9342948794364929, 0.9567307829856873, 0.9375, 0.9503205418586731, 0.9407051205635071, 0.9471153616905212, 0.9567307829856873, 0.942307710647583, 0.9519230723381042, 0.9342948794364929, 0.9487179517745972, 0.9519230723381042, 0.942307710647583, 0.9342948794364929, 0.9006410241127014, 0.9487179517745972, 0.9471153616905212, 0.9535256624221802, 0.9519230723381042, 0.9358974099159241, 0.9567307829856873, 0.9551281929016113, 0.9535256624221802, 0.9631410241127014, 0.9503205418586731, 0.9230769276618958, 0.9567307829856873, 0.9086538553237915, 0.9503205418586731, 0.9519230723381042, 0.9471153616905212, 0.9535256624221802, 0.9551281929016113, 0.9535256624221802, 0.9583333134651184, 0.9519230723381042, 0.9535256624221802, 0.9519230723381042, 0.9439102411270142, 0.9567307829856873, 0.9551281929016113]",195.93755412101746,0.9723557692307693,"[[151   2   0   0   0   0]
 [  5 157   0   0   0   0]
 [  0   4 148   0   0   0]
 [  0   0   0 113   6   0]
 [  0   0   1   1 115   4]
 [  0   0   0   0   0 125]]",4,512
15,"[2.1107118129730225, 1.5561695098876953, 1.185534119606018, 1.0282741785049438, 0.7417907118797302, 0.5239726305007935, 0.37072792649269104, 0.37621310353279114, 0.20389991998672485, 0.1568414568901062, 0.16444337368011475, 0.1526772677898407, 0.12433584034442902, 0.09894729405641556, 0.17189469933509827, 0.1603633463382721, 0.14556171000003815, 0.5457642078399658, 0.5580794811248779, 0.18685199320316315, 0.2171575278043747, 0.14534728229045868, 0.15287727117538452, 0.09942957758903503, 0.07382341474294662, 0.06620866060256958, 0.07982450723648071, 0.18357129395008087, 0.19430871307849884, 0.13421228528022766, 0.12264932692050934, 0.08622583001852036, 0.05005837604403496, 0.06337828934192657, 0.06110457330942154, 0.03925253078341484, 0.04197064787149429, 0.03824161738157272, 0.07389499992132187, 0.14892283082008362, 0.28772446513175964, 1.2432501316070557, 0.24300530552864075, 0.1720544844865799, 0.09911268949508667, 0.10527561604976654, 0.046511366963386536, 0.06304731965065002, 0.043804723769426346, 0.0892009511590004, 0.06447377800941467, 0.051782138645648956, 0.03000725992023945, 0.05412253364920616, 0.051648225635290146, 0.04697776585817337, 0.03458930552005768, 0.029971491545438766, 0.06156006455421448, 0.08011631667613983, 0.13071882724761963, 0.0639851987361908, 0.09143366664648056, 0.25621795654296875, 0.11988107115030289, 0.08267168700695038, 0.08859129250049591, 0.08138179779052734, 0.1779654324054718, 0.06486012786626816, 0.06276440620422363, 0.030753476545214653, 0.030761679634451866, 0.029912134632468224, 0.010931923985481262, 0.029420191422104836, 0.058942198753356934, 0.10743572562932968, 0.16272903978824615, 0.35859477519989014, 0.21739652752876282, 0.16782107949256897, 0.03827792778611183, 0.054224323481321335, 0.021530382335186005, 0.04504885524511337, 0.028176667168736458, 0.01980362832546234, 0.026634950190782547, 0.024957308545708656, 0.012264943681657314, 0.024751368910074234, 0.23250821232795715, 0.31622543931007385, 0.07496728003025055, 0.08888418972492218, 0.0549616739153862, 0.09721465408802032, 0.03868429362773895, 0.02245274744927883]","[2.574981212615967, 1.8017290830612183, 0.899401843547821, 0.871374785900116, 0.5877795815467834, 0.2699267566204071, 0.28037092089653015, 0.48832693696022034, 0.32115504145622253, 0.3555193543434143, 0.3410493731498718, 0.307475209236145, 0.14864392578601837, 0.21992924809455872, 0.21146123111248016, 0.19771194458007812, 0.32391849160194397, 4.9814276695251465, 0.3001243770122528, 0.5069076418876648, 0.46437230706214905, 0.21186463534832, 0.20878154039382935, 0.1987261176109314, 0.23177185654640198, 0.1761080026626587, 0.23993168771266937, 0.2781289219856262, 0.4733065068721771, 0.1687922477722168, 0.2674501836299896, 0.14057748019695282, 0.1695907562971115, 0.18719393014907837, 0.12127826362848282, 0.1693783700466156, 0.1923256814479828, 0.2436455935239792, 0.27449050545692444, 0.21358349919319153, 0.9476719498634338, 0.3302498161792755, 0.2330099195241928, 0.2298373430967331, 0.24076125025749207, 0.2088809609413147, 0.272186279296875, 0.315127432346344, 0.19660916924476624, 0.24829472601413727, 0.23008057475090027, 0.2009967416524887, 0.28899717330932617, 0.28755930066108704, 0.23733244836330414, 0.2954544126987457, 0.23758842051029205, 0.29162323474884033, 0.2946317791938782, 0.16051018238067627, 0.16142769157886505, 0.2421942502260208, 0.2374870628118515, 0.23291443288326263, 0.1736431121826172, 0.2685019075870514, 0.2289058268070221, 0.5700037479400635, 0.2574838101863861, 0.16857191920280457, 0.12380373477935791, 0.15505488216876984, 0.17320527136325836, 0.16566945612430573, 0.22163750231266022, 0.18077228963375092, 0.2062353938817978, 0.25856441259384155, 0.603382408618927, 0.45551711320877075, 0.5974146723747253, 0.20740310847759247, 0.34196746349334717, 0.3130723536014557, 0.3094909191131592, 0.4530995190143585, 0.32145005464553833, 0.3870154619216919, 0.42355185747146606, 0.3070916533470154, 0.37233495712280273, 0.6307907104492188, 0.6548675894737244, 0.34836894273757935, 0.22210581600666046, 0.23254108428955078, 0.4472622573375702, 0.3694272041320801, 0.2668662369251251, 0.3506450653076172]","[0.29534509778022766, 0.30979132652282715, 0.516853928565979, 0.589085042476654, 0.7142857313156128, 0.8298555612564087, 0.8844301700592041, 0.8892455697059631, 0.9165329337120056, 0.9390048384666443, 0.9406099319458008, 0.9470304846763611, 0.9486356377601624, 0.9646869897842407, 0.9438202381134033, 0.937399685382843, 0.9438202381134033, 0.8426966071128845, 0.8443017601966858, 0.927768886089325, 0.9229534268379211, 0.9470304846763611, 0.9534510374069214, 0.971107542514801, 0.9743177890777588, 0.9759229421615601, 0.966292142868042, 0.9390048384666443, 0.937399685382843, 0.9566613435745239, 0.9630818367004395, 0.9695023894309998, 0.9791332483291626, 0.971107542514801, 0.9743177890777588, 0.9871588945388794, 0.9855538010597229, 0.9855538010597229, 0.9791332483291626, 0.9566613435745239, 0.9229534268379211, 0.8186196088790894, 0.9438202381134033, 0.9454253315925598, 0.961476743221283, 0.9743177890777588, 0.9839486479759216, 0.9775280952453613, 0.9807383418083191, 0.9743177890777588, 0.9807383418083191, 0.9807383418083191, 0.9903692007064819, 0.9807383418083191, 0.9855538010597229, 0.9791332483291626, 0.9871588945388794, 0.9887640476226807, 0.9791332483291626, 0.9743177890777588, 0.9678972959518433, 0.9743177890777588, 0.971107542514801, 0.9630818367004395, 0.966292142868042, 0.9695023894309998, 0.971107542514801, 0.9823434948921204, 0.961476743221283, 0.9759229421615601, 0.9775280952453613, 0.9887640476226807, 0.9855538010597229, 0.9903692007064819, 0.995184600353241, 0.9903692007064819, 0.9855538010597229, 0.9791332483291626, 0.9534510374069214, 0.937399685382843, 0.9518458843231201, 0.9678972959518433, 0.9871588945388794, 0.9807383418083191, 0.9919742941856384, 0.9823434948921204, 0.9919742941856384, 0.9935794472694397, 0.9887640476226807, 0.9903692007064819, 0.9967897534370422, 0.9935794472694397, 0.942215085029602, 0.9438202381134033, 0.9791332483291626, 0.9775280952453613, 0.9855538010597229, 0.9727126955986023, 0.9887640476226807, 0.9919742941856384]","[0.13942307233810425, 0.2964743673801422, 0.6137820482254028, 0.6185897588729858, 0.8253205418586731, 0.8974359035491943, 0.9054487347602844, 0.870192289352417, 0.8990384340286255, 0.9150640964508057, 0.8878205418586731, 0.9262820482254028, 0.9583333134651184, 0.9439102411270142, 0.9310897588729858, 0.9214743375778198, 0.9038461446762085, 0.5769230723381042, 0.9086538553237915, 0.9182692170143127, 0.9022436141967773, 0.9503205418586731, 0.9535256624221802, 0.9487179517745972, 0.9679487347602844, 0.9551281929016113, 0.9342948794364929, 0.9342948794364929, 0.9086538553237915, 0.9599359035491943, 0.942307710647583, 0.9679487347602844, 0.9583333134651184, 0.9519230723381042, 0.9695512652397156, 0.9679487347602844, 0.9663461446762085, 0.9695512652397156, 0.9375, 0.9358974099159241, 0.9070512652397156, 0.8942307829856873, 0.9342948794364929, 0.8990384340286255, 0.9535256624221802, 0.9647436141967773, 0.9551281929016113, 0.9503205418586731, 0.9727563858032227, 0.9407051205635071, 0.9631410241127014, 0.9695512652397156, 0.9407051205635071, 0.9535256624221802, 0.9615384340286255, 0.9551281929016113, 0.9679487347602844, 0.9631410241127014, 0.9551281929016113, 0.9535256624221802, 0.9342948794364929, 0.9631410241127014, 0.9567307829856873, 0.9551281929016113, 0.9567307829856873, 0.9519230723381042, 0.9711538553237915, 0.9070512652397156, 0.9439102411270142, 0.9647436141967773, 0.9583333134651184, 0.9695512652397156, 0.9743589758872986, 0.9711538553237915, 0.9663461446762085, 0.9663461446762085, 0.9535256624221802, 0.9294871687889099, 0.9038461446762085, 0.932692289352417, 0.9487179517745972, 0.9519230723381042, 0.9487179517745972, 0.9711538553237915, 0.9631410241127014, 0.9711538553237915, 0.9647436141967773, 0.9679487347602844, 0.9631410241127014, 0.9711538553237915, 0.9679487347602844, 0.8862179517745972, 0.9567307829856873, 0.9519230723381042, 0.9631410241127014, 0.9503205418586731, 0.9599359035491943, 0.9535256624221802, 0.9631410241127014, 0.9631410241127014]",320.8088572025299,0.9675480769230769,"[[151   2   0   0   0   0]
 [  4 158   0   0   0   0]
 [  0  13 139   0   0   0]
 [  1   0   0 115   3   0]
 [  0   0   0   1 118   2]
 [  0   0   0   0   1 124]]",4,1024
