,num_head_list,num_trans_list,mlp_size_list,accuracy_list,training_loss_list,validation_loss_list,time_list,confusion_matrix_list
0,1,1,128,0.960352422907489,"[91.93866729736328, 15.567978858947754, 14.31008529663086, 26.54561424255371, 16.724620819091797, 53.71828842163086, 72.2151107788086, 20.61185646057129, 8.612126350402832, 7.197866916656494, 12.662437438964844, 35.54963302612305, 28.384838104248047, 17.18671417236328, 8.85831069946289, 3.180537700653076, 2.3415541648864746, 10.31340503692627, 2.0859127044677734, 0.8457940220832825, 7.943160057067871, 2.0104689598083496, 2.4154372215270996, 1.8930336236953735, 2.7847607135772705, 3.1405763626098633, 1.59354829788208, 2.661205291748047, 3.3647561073303223, 151.09719848632812]","[9.313665390014648, 50.21625518798828, 26.112621307373047, 30.00711441040039, 30.314163208007812, 77.54097747802734, 13.651206970214844, 35.460628509521484, 17.399932861328125, 29.544300079345703, 29.466590881347656, 49.19662857055664, 45.60408020019531, 5.710486888885498, 19.87460708618164, 14.119641304016113, 17.55365562438965, 16.55175018310547, 7.282714366912842, 33.331886291503906, 4.794897079467773, 17.243701934814453, 5.762861251831055, 12.452576637268066, 12.33669662475586, 7.675975322723389, 8.382184982299805, 4.767695903778076, 14.496502876281738, 186.57496643066406]",24.24070382118225,"[[141   1   0]
 [  2 142  15]
 [  0   0 153]]"
1,1,1,256,0.8964757709251101,"[100.29854583740234, 13.681541442871094, 16.308887481689453, 25.419538497924805, 310.5807189941406, 45.99562454223633, 13.3760347366333, 4.029214382171631, 4.212011814117432, 2.7115819454193115, 7.614780426025391, 5.978832244873047, 2.126652956008911, 3.627849817276001, 2.1718058586120605, 1.1563966274261475, 1.093701720237732, 4.068204879760742, 2.668560028076172, 2.306732177734375, 3.2529916763305664, 0.2900146543979645, 13.086828231811523, 10.693394660949707, 6.175469398498535, 3.9963903427124023, 5.112563610076904, 1.473075032234192, 4.866175651550293, 2.334343910217285, 1.794960618019104, 0.8091439008712769]","[9.349867820739746, 24.1438045501709, 36.458335876464844, 5.860450267791748, 61.18183517456055, 41.90300750732422, 43.39872741699219, 17.495634078979492, 13.406105995178223, 20.24877166748047, 51.286441802978516, 28.18197250366211, 7.498834609985352, 4.835300922393799, 2.5448451042175293, 4.21289587020874, 7.736690521240234, 8.241676330566406, 12.224183082580566, 4.801089286804199, 2.901374578475952, 42.43206024169922, 42.48805236816406, 35.48727798461914, 21.67618751525879, 13.776512145996094, 9.636459350585938, 6.053997039794922, 4.465363502502441, 10.22793960571289, 10.19307804107666, 13.26470947265625]",32.61532521247864,"[[142   0   0]
 [ 43 112   4]
 [  0   0 153]]"
2,1,1,512,0.9933920704845814,"[256.6338195800781, 23.541481018066406, 5.83920955657959, 7.011557579040527, 20.997617721557617, 112.27566528320312, 163.57550048828125, 12.354818344116211, 6.627098560333252, 5.382662296295166, 1.4123097658157349, 5.6068878173828125, 0.7641072273254395, 1.743262529373169, 0.9274356961250305, 0.0021430691704154015, 8.765386749765014e-10, 8.765386749765014e-10, 8.765386749765014e-10, 8.765386749765014e-10, 8.765386749765014e-10, 8.765386749765014e-10, 8.765386749765014e-10, 8.765386749765014e-10, 8.765386749765014e-10, 8.765386749765014e-10, 8.765386749765014e-10]","[44.191505432128906, 11.510160446166992, 8.457816123962402, 10.818811416625977, 36.587303161621094, 108.89936065673828, 57.68485641479492, 58.11772155761719, 34.094749450683594, 14.645174026489258, 13.62936019897461, 7.948856830596924, 12.477527618408203, 11.489347457885742, 2.2255330085754395, 1.793522834777832, 1.7772536277770996, 1.7772537469863892, 1.7772536277770996, 1.7772536277770996, 1.77725350856781, 1.7772538661956787, 1.7772537469863892, 1.7772537469863892, 1.7772537469863892, 1.7772539854049683, 1.7772539854049683]",56.14937734603882,"[[141   1   0]
 [  0 157   2]
 [  0   0 153]]"
3,1,1,1024,0.9889867841409692,"[402.9394226074219, 29.553911209106445, 16.640541076660156, 29.036319732666016, 17.802825927734375, 7.540057182312012, 8.808719635009766, 5.0083231925964355, 3.4883761405944824, 3.5927183628082275, 2.4483211040496826, 3.2076785564422607, 4.4933695793151855, 72.61018371582031, 141.97503662109375, 5.3715996742248535, 0.8934290409088135, 1.547663688659668, 1.227909803390503, 0.9974254369735718, 0.49107635021209717, 0.4357139766216278, 0.7954110503196716, 0.57235187292099, 1.5273351669311523, 1.1130235195159912, 0.9303580522537231, 0.5143020749092102, 0.1701725274324417, 0.0155000826343894, 0.18005573749542236, 5.982285955496991e-08, 5.828896121329308e-08, 5.806983338629834e-08, 5.7850705559303606e-08, 5.7850705559303606e-08, 5.785071266473096e-08, 5.763158128502255e-08, 5.741245345802781e-08, 5.7193325631033076e-08, 5.697419780403834e-08, 5.6755069977043604e-08, 5.653594215004887e-08, 5.6097686496059396e-08, 5.587855866906466e-08, 5.544030301507519e-08, 5.522117163536677e-08, 5.478291242866362e-08, 5.4563788154382564e-08, 5.4344667432815186e-08, 5.3906404673398356e-08, 5.3468149019408884e-08, 5.302989336541941e-08, 5.259163771142994e-08, 5.215337850472679e-08, 5.1715126403450995e-08, 5.105773581703943e-08, 5.061947661033628e-08, 5.0181220956346806e-08, 4.9742965302357334e-08, 4.9085578268659447e-08, 4.842819123496156e-08, 4.777080420126367e-08, 4.7113417167565785e-08, 4.645602658115422e-08, 4.579863954745633e-08, 4.5141252513758445e-08, 4.426473410035214e-08, 4.382647489364899e-08, 4.294995648024269e-08, 4.2292565893831124e-08, 4.1635182412846916e-08, 4.097779182643535e-08, 4.010127341302905e-08, 3.944388282661748e-08, 3.8786495792919595e-08, 3.7909973826799614e-08, 3.7033451860679634e-08, 3.615692989455965e-08, 3.549953930814809e-08, 3.462301378931443e-08, 3.374648827048077e-08, 3.308909413135552e-08, 3.243170354494396e-08, 3.15551780261103e-08, 3.089778743969873e-08, 3.024039330057349e-08, 2.9363873110810346e-08, 2.8706475418971422e-08, 2.8049081279846177e-08, 2.7391688917077772e-08, 2.6734293001595688e-08, 2.6296033794892537e-08, 2.5638636103053614e-08, 2.498124018757153e-08, 2.4323847824803124e-08, 2.3885581512672616e-08, 2.3447318753255786e-08, 2.2789917508703184e-08, 2.2351656525643193e-08]","[22.9647274017334, 12.200841903686523, 42.636775970458984, 93.06539916992188, 13.420313835144043, 9.11303424835205, 28.242122650146484, 9.226175308227539, 6.036332130432129, 10.70782470703125, 6.488884925842285, 14.924567222595215, 7.627018451690674, 664.7591552734375, 19.48414421081543, 13.164402961730957, 8.827696800231934, 5.390220642089844, 10.989113807678223, 6.919956207275391, 3.5936241149902344, 4.756712913513184, 3.9040257930755615, 7.688627243041992, 1.6447820663452148, 4.576822757720947, 4.675573348999023, 1.950092077255249, 1.489202857017517, 2.070406198501587, 1.2001622915267944, 1.2077161073684692, 1.2077196836471558, 1.2077239751815796, 1.2077289819717407, 1.207733392715454, 1.2077387571334839, 1.2077432870864868, 1.2077497243881226, 1.207756757736206, 1.2077624797821045, 1.2077709436416626, 1.2077791690826416, 1.2077829837799072, 1.2077940702438354, 1.2078073024749756, 1.207817554473877, 1.2078282833099365, 1.2078404426574707, 1.2078536748886108, 1.2078651189804077, 1.2078841924667358, 1.2078925371170044, 1.207915186882019, 1.2079344987869263, 1.2079524993896484, 1.207971453666687, 1.2079808712005615, 1.2080152034759521, 1.208038330078125, 1.208059549331665, 1.2080897092819214, 1.2081122398376465, 1.2081480026245117, 1.2081795930862427, 1.2082115411758423, 1.2082366943359375, 1.2082829475402832, 1.208317518234253, 1.208359718322754, 1.2084017992019653, 1.208444595336914, 1.2084894180297852, 1.2085336446762085, 1.208579421043396, 1.2085909843444824, 1.2086788415908813, 1.2087366580963135, 1.2087926864624023, 1.2088468074798584, 1.2089049816131592, 1.2089648246765137, 1.209026575088501, 1.2090845108032227, 1.2091591358184814, 1.2092273235321045, 1.2092974185943604, 1.2093658447265625, 1.2094380855560303, 1.2095108032226562, 1.2095896005630493, 1.209660530090332, 1.2097421884536743, 1.2098158597946167, 1.2098772525787354, 1.209962010383606, 1.2100419998168945, 1.2101234197616577, 1.210209846496582, 1.2102974653244019]",488.85084104537964,"[[142   0   0]
 [  2 155   2]
 [  0   1 152]]"
4,1,2,128,0.973568281938326,"[145.4004364013672, 11.45810317993164, 26.110519409179688, 21.09071922302246, 7.135848045349121, 6.1728973388671875, 1.5130716562271118, 1.6899663209915161, 3.524883508682251, 2.9500060081481934, 2.8728220462799072, 3.2855255603790283, 4.505214214324951, 38.080352783203125, 22.592178344726562, 19.515914916992188, 4.427682399749756]","[47.325660705566406, 8.124884605407715, 53.406925201416016, 23.558698654174805, 13.322635650634766, 3.8636631965637207, 3.633511781692505, 3.273052930831909, 8.951622009277344, 8.519051551818848, 6.529134273529053, 4.025343894958496, 13.050610542297363, 30.68416404724121, 47.048980712890625, 22.186540603637695, 16.221155166625977]",21.483232975006104,"[[139   3   0]
 [  2 150   7]
 [  0   0 153]]"
5,1,2,256,0.9933920704845814,"[136.20388793945312, 8.200379371643066, 12.203773498535156, 14.692737579345703, 20.565872192382812, 47.222896575927734, 11.98548412322998, 8.214219093322754, 3.6085028648376465, 5.473057746887207, 1.1360706090927124, 15.304919242858887, 76.73348236083984, 29.94651222229004, 19.759925842285156, 14.517518997192383, 23.500818252563477, 6.164390563964844, 2.626344680786133, 2.252199172973633, 4.919249057769775]","[83.1270523071289, 17.323619842529297, 16.00448226928711, 139.71347045898438, 69.45481872558594, 50.39054870605469, 24.673873901367188, 14.246679306030273, 13.242212295532227, 13.749576568603516, 7.351977825164795, 177.80691528320312, 67.9197998046875, 78.49272155761719, 39.64381408691406, 40.12489700317383, 47.630672454833984, 12.89863109588623, 4.427227973937988, 26.869300842285156, 9.047691345214844]",31.249149322509766,"[[139   3   0]
 [  0 159   0]
 [  0   0 153]]"
6,1,2,512,0.9889867841409692,"[219.91836547851562, 14.590132713317871, 8.62363052368164, 3.431351900100708, 39.563232421875, 130.71083068847656, 16.518814086914062, 5.838625907897949, 6.150815010070801, 3.797241687774658, 1.4885785579681396, 0.7185997366905212, 1.2713345289230347, 1.9214513301849365, 2.798710346221924, 1.7630094289779663, 1.521467685699463, 2.1248114109039307, 3.7223968505859375, 6.213008403778076, 7.3806471824646, 26.832246780395508]","[19.273874282836914, 4.1805195808410645, 10.746968269348145, 24.832191467285156, 34.74183654785156, 21.573406219482422, 20.332015991210938, 12.461868286132812, 4.6477580070495605, 14.286543846130371, 1.6412386894226074, 1.3140192031860352, 17.884033203125, 3.1928622722625732, 5.4349517822265625, 6.5161004066467285, 4.135495185852051, 7.289384841918945, 8.25362491607666, 7.59472131729126, 11.481921195983887, 31.618494033813477]",56.85460925102234,"[[140   2   0]
 [  0 156   3]
 [  0   0 153]]"
7,1,2,1024,0.9845814977973568,"[592.7252197265625, 13.911467552185059, 7.094615936279297, 5.084446907043457, 7.505718231201172, 7.435294151306152, 4.285006046295166, 11.1702241897583, 110.8790054321289, 61.48265838623047, 9.90919017791748, 6.345471382141113, 5.086827754974365, 2.963939666748047, 1.1384482383728027, 0.8353071212768555, 0.1071394607424736, 1.0102510452270508, 0.30887800455093384, 1.0319401025772095, 0.3915059566497803, 0.07176722586154938, 0.2868890166282654, 0.25342488288879395, 0.034211061894893646, 12.791619300842285, 135.06790161132812, 77.0363540649414, 5.665106296539307, 3.776507616043091, 1.2382594347000122, 1.427937626838684, 0.8529465794563293, 0.42339229583740234, 0.0, 0.0, 0.0, 0.0, 0.0, 0.0, 0.0, 0.0, 0.0, 0.0, 0.0]","[54.948822021484375, 12.381316184997559, 9.84537124633789, 3.939621925354004, 28.296279907226562, 22.577991485595703, 2.5137457847595215, 10.601417541503906, 35.51460266113281, 20.092252731323242, 7.937016010284424, 38.498565673828125, 16.732906341552734, 3.4048404693603516, 5.1763200759887695, 3.610804319381714, 5.5290985107421875, 2.5733275413513184, 5.332611083984375, 3.5393102169036865, 2.476208209991455, 5.093957424163818, 4.327789306640625, 2.6651885509490967, 6.103067874908447, 8.254132270812988, 599.9581909179688, 17.236736297607422, 8.954988479614258, 4.787198066711426, 13.678230285644531, 8.392783164978027, 2.5371015071868896, 2.3411953449249268, 2.3372769355773926, 2.3372769355773926, 2.3372769355773926, 2.3372769355773926, 2.3372769355773926, 2.3372769355773926, 2.3372769355773926, 2.3372769355773926, 2.3372769355773926, 2.3372769355773926, 2.3372769355773926]",238.6942138671875,"[[140   2   0]
 [  1 154   4]
 [  0   0 153]]"
8,1,3,128,0.986784140969163,"[135.4433135986328, 7.149303913116455, 7.224523067474365, 9.764955520629883, 6.3194990158081055, 16.830554962158203, 92.5975112915039, 109.36074829101562, 63.1593017578125, 13.268379211425781, 10.799982070922852, 11.896258354187012, 5.215214729309082, 4.556408405303955, 7.995250701904297, 1.8092517852783203, 3.0967159271240234, 7.521158695220947, 2.554729461669922, 1.975420355796814, 1.7953943014144897, 1.2807189226150513, 5.836133003234863, 2.4309964179992676, 1.613256573677063, 6.500967502593994, 105.54689025878906, 200.0306396484375, 38.03797149658203, 10.516097068786621, 11.462272644042969, 4.692105293273926]","[18.198898315429688, 5.689226150512695, 31.510698318481445, 44.30892562866211, 16.22374725341797, 19.678178787231445, 67.29131317138672, 42.12003707885742, 57.863243103027344, 17.589094161987305, 27.43022346496582, 21.790985107421875, 24.801816940307617, 5.862285614013672, 5.217205047607422, 8.554973602294922, 21.05967903137207, 4.025868892669678, 6.159562110900879, 7.117506980895996, 10.541786193847656, 9.114686965942383, 9.917159080505371, 4.865042686462402, 12.424238204956055, 10.14894962310791, 656.65673828125, 50.903751373291016, 20.601404190063477, 13.86169719696045, 12.416343688964844, 19.933956146240234]",52.4574134349823,"[[140   2   0]
 [  2 157   0]
 [  0   2 151]]"
9,1,3,256,0.9647577092511013,"[143.05224609375, 15.545503616333008, 12.273845672607422, 4.03716516494751, 3.4347984790802, 5.797274589538574, 12.40179443359375, 144.62466430664062, 27.355878829956055, 11.516063690185547, 6.735528945922852, 6.634173393249512, 3.926685094833374, 4.4838032722473145, 3.539750814437866]","[19.079957962036133, 45.43904113769531, 7.825204372406006, 5.471721172332764, 12.47919750213623, 0.7389327883720398, 4.2256622314453125, 41.09173583984375, 17.76781463623047, 29.01750946044922, 18.02056884765625, 42.668487548828125, 14.193177223205566, 2.633740186691284, 11.01783275604248]",29.23133611679077,"[[142   0   0]
 [  8 151   0]
 [  0   8 145]]"
10,1,3,512,0.9911894273127754,"[246.0040740966797, 22.698896408081055, 33.496612548828125, 55.106040954589844, 13.193412780761719, 10.557385444641113, 7.578546047210693, 4.396584510803223, 3.6894657611846924, 3.346864700317383, 0.5976697206497192, 2.146205425262451, 6.828996181488037, 6.948177337646484, 15.142997741699219, 24.11467742919922, 106.83374786376953, 137.37937927246094, 47.71151351928711, 3.8827128410339355, 1.3445812463760376]","[4.141690254211426, 183.6970977783203, 30.480777740478516, 38.764976501464844, 27.690914154052734, 9.064286231994629, 2.389854907989502, 11.079288482666016, 12.977498054504395, 1.1569130420684814, 4.058300018310547, 9.992549896240234, 31.578723907470703, 5.154794216156006, 43.03929901123047, 85.70101165771484, 485.5482482910156, 227.76292419433594, 41.904380798339844, 13.661907196044922, 23.066530227661133]",64.21249008178711,"[[142   0   0]
 [  2 156   1]
 [  0   1 152]]"
11,1,3,1024,0.986784140969163,"[371.3473205566406, 23.322765350341797, 6.795767307281494, 14.880941390991211, 18.8990535736084, 7.106837749481201, 5.586989402770996, 2.1152920722961426, 1.6623201370239258, 1.694883942604065, 1.0433049201965332, 2.683145046234131, 147.46412658691406, 16.972946166992188, 4.209253787994385, 3.7526357173919678, 1.9945905208587646, 0.6445215940475464, 0.834485650062561, 0.2660406827926636, 0.9519357085227966, 0.30348384380340576, 0.3863838315010071, 0.4693430960178375, 0.40233314037323, 0.6523577570915222, 0.4286099672317505, 0.12249309569597244, 0.5788167715072632, 4.196021556854248, 83.39950561523438, 54.98084259033203, 2.232045888900757, 2.091074228286743, 1.745607614517212, 0.39989548921585083, 0.6263940930366516, 0.3016178607940674]","[44.7483024597168, 13.752935409545898, 15.694923400878906, 80.75676727294922, 50.128692626953125, 24.80718994140625, 19.59590721130371, 8.513836860656738, 4.737411975860596, 4.67698860168457, 2.228696584701538, 16.019466400146484, 132.2519073486328, 12.766510963439941, 16.581701278686523, 4.361103057861328, 4.365627765655518, 6.672369003295898, 3.4949846267700195, 5.699498176574707, 2.329119920730591, 1.056255578994751, 3.2797014713287354, 2.422853708267212, 1.5979722738265991, 2.842759609222412, 1.5151244401931763, 1.2825666666030884, 5.129959583282471, 18.24337387084961, 1685.9898681640625, 27.230316162109375, 7.701617240905762, 3.3983006477355957, 4.6103668212890625, 6.402531623840332, 3.4306833744049072, 2.6565916538238525]",219.75229382514954,"[[141   1   0]
 [  2 154   3]
 [  0   0 153]]"
12,1,4,128,0.9757709251101322,"[110.7135009765625, 7.975170135498047, 3.541107177734375, 16.354328155517578, 16.361282348632812, 7.222084045410156, 3.0754237174987793, 4.59072208404541, 8.006362915039062, 71.7296371459961, 68.95716094970703, 56.37454605102539, 23.234220504760742, 13.62763500213623, 8.703228950500488, 2.427755355834961, 1.1061221361160278, 4.1583709716796875, 2.9471871852874756, 10.366586685180664, 3.4247846603393555, 4.1447672843933105, 0.7999825477600098, 2.9731719493865967, 0.797434389591217, 2.5884954929351807, 13.69320011138916, 18.825820922851562, 162.82200622558594, 39.68656921386719, 20.239925384521484, 4.366195201873779, 8.802916526794434, 2.9203572273254395, 5.505519866943359]","[31.88551902770996, 15.036048889160156, 16.732425689697266, 22.999584197998047, 23.485963821411133, 13.194465637207031, 14.466361999511719, 5.457396030426025, 9.807034492492676, 216.76222229003906, 101.88866424560547, 65.63470458984375, 36.756553649902344, 112.22400665283203, 18.81544303894043, 12.064170837402344, 12.155029296875, 10.419797897338867, 39.355125427246094, 25.544368743896484, 19.187206268310547, 9.943472862243652, 10.290913581848145, 11.325813293457031, 6.96560001373291, 20.034250259399414, 22.371883392333984, 30.891393661499023, 476.56964111328125, 56.364959716796875, 38.619293212890625, 21.632644653320312, 32.52534866333008, 7.050968647003174, 5.309595108032227]",70.59790420532227,"[[139   3   0]
 [  0 151   8]
 [  0   0 153]]"
13,1,4,256,0.9669603524229075,"[165.07997131347656, 33.91067886352539, 8.919502258300781, 9.680351257324219, 7.204015731811523, 2.8133344650268555, 4.360564231872559, 118.5218505859375, 121.85413360595703, 64.7844467163086, 48.85240173339844, 10.612669944763184, 10.33665657043457, 3.3277759552001953, 2.5308618545532227, 2.8676881790161133, 4.799326419830322, 5.515542507171631, 10.638283729553223, 4.956632614135742, 8.638740539550781, 2.3442344665527344, 1.2821820974349976, 8.146454811096191, 5.9385175704956055, 18.428359985351562, 4.914309978485107, 15.504402160644531, 79.75918579101562, 73.58695983886719, 27.998741149902344, 1.5766361951828003, 9.634071350097656]","[13.94601058959961, 17.820037841796875, 13.358999252319336, 41.21824645996094, 3.768237829208374, 10.968055725097656, 14.686033248901367, 63.507991790771484, 44.91197967529297, 73.20120239257812, 40.38509750366211, 33.71803283691406, 18.89811134338379, 26.005746841430664, 19.619701385498047, 24.684003829956055, 9.482192039489746, 16.768115997314453, 10.011466979980469, 14.03477954864502, 17.599987030029297, 6.6049675941467285, 44.113250732421875, 13.777641296386719, 19.472063064575195, 37.30712127685547, 114.77775573730469, 108.25068664550781, 63.88146209716797, 259.44036865234375, 28.091495513916016, 33.64852523803711, 25.311962127685547]",77.36883330345154,"[[142   0   0]
 [ 10 144   5]
 [  0   0 153]]"
14,1,4,512,0.973568281938326,"[317.3283996582031, 11.750114440917969, 9.326555252075195, 4.9152913093566895, 16.904888153076172, 25.55499839782715, 12.867961883544922, 5.176393032073975, 2.4679458141326904, 0.6793752312660217, 2.1199731826782227, 9.102892875671387, 16.047840118408203, 15.166708946228027, 2.5320966243743896, 3.2486298084259033, 0.7669118046760559, 1.5525890588760376, 2.0012729167938232, 7.539751052856445]","[19.23162841796875, 8.93892765045166, 1.7391846179962158, 87.07733154296875, 10.605364799499512, 15.965120315551758, 24.7831974029541, 19.550025939941406, 6.613254547119141, 5.585428237915039, 6.632812976837158, 32.662017822265625, 21.44788932800293, 7.944427490234375, 11.228095054626465, 1.1275309324264526, 5.230796813964844, 1.1622285842895508, 1.5146727561950684, 14.720536231994629]",70.69565343856812,"[[138   4   0]
 [  0 151   8]
 [  0   0 153]]"
15,1,4,1024,0.9845814977973568,"[338.82464599609375, 20.535964965820312, 7.483539581298828, 7.222601890563965, 1.7418005466461182, 17.35531997680664, 33.40973663330078, 314.82489013671875, 11.210131645202637, 6.8300933837890625, 1.628572702407837, 3.6014821529388428, 2.719576597213745, 0.7042019963264465, 1.7093662023544312, 0.8934871554374695, 3.208888530731201, 3.070680618286133, 2.3155877590179443, 1.2895584106445312, 2.4012839794158936, 0.7485455870628357, 1.5238863229751587, 1.955413818359375]","[38.81874465942383, 25.692529678344727, 3.013437509536743, 3.5607287883758545, 5.689188480377197, 510.6390075683594, 104.48135375976562, 75.16941833496094, 36.94566345214844, 10.401562690734863, 10.793031692504883, 7.625165939331055, 2.2886993885040283, 1.1161918640136719, 5.636742115020752, 5.984692573547363, 15.282468795776367, 5.875481128692627, 3.5824010372161865, 14.727483749389648, 9.452665328979492, 0.7968395352363586, 10.001282691955566, 3.6003198623657227]",150.45446801185608,"[[142   0   0]
 [  3 152   4]
 [  0   0 153]]"
16,2,1,128,0.9911894273127754,"[133.88877868652344, 8.441790580749512, 10.472514152526855, 6.549912452697754, 5.693385601043701, 32.909088134765625, 22.534135818481445, 33.86025619506836, 28.319982528686523, 31.141210556030273, 28.453710556030273, 7.596372604370117, 5.643001079559326, 7.630460739135742, 17.8701229095459, 57.365203857421875, 62.0391845703125, 30.274080276489258, 2.8903753757476807, 2.8749310970306396, 3.2422664165496826, 2.9689574241638184, 4.859711647033691, 2.294478178024292, 1.8364062309265137, 1.2271503813110485e-08, 1.3367176698864114e-08, 1.314804265462044e-08, 1.314804265462044e-08, 1.314804265462044e-08, 1.314804265462044e-08, 1.314804265462044e-08, 1.2928908610376766e-08, 1.2928908610376766e-08, 1.2928908610376766e-08, 1.2709775454311512e-08]","[6.080721855163574, 9.20711898803711, 14.227503776550293, 11.216169357299805, 14.91675853729248, 90.49047088623047, 82.4778060913086, 11.075584411621094, 32.73525619506836, 18.30741310119629, 18.86686134338379, 20.18292808532715, 12.165842056274414, 13.645373344421387, 6.870943546295166, 19.104063034057617, 231.0570831298828, 13.277467727661133, 29.15988540649414, 14.639925956726074, 17.341623306274414, 14.977256774902344, 10.481566429138184, 15.043935775756836, 3.4547832012176514, 3.490610361099243, 3.4906013011932373, 3.4905853271484375, 3.490568161010742, 3.490546226501465, 3.490527391433716, 3.4905097484588623, 3.4904861450195312, 3.490457534790039, 3.4904253482818604, 3.4904046058654785]",31.6111102104187,"[[142   0   0]
 [  1 155   3]
 [  0   0 153]]"
17,2,1,256,0.9801762114537445,"[134.13893127441406, 11.747466087341309, 9.527812004089355, 7.4224042892456055, 10.807632446289062, 86.12307739257812, 42.188804626464844, 11.819601058959961, 8.516561508178711, 9.300237655639648, 12.317253112792969, 6.862957000732422, 2.3445491790771484, 5.278975486755371, 4.200162887573242, 40.18144226074219, 92.30441284179688, 53.93875503540039, 8.952339172363281, 2.1434476375579834, 7.504448413848877, 4.3707051277160645, 7.107222557067871, 3.3867759704589844, 3.3502156734466553, 0.9324111342430115, 1.0102609395980835, 2.870419502258301, 0.29814329743385315, 6.347980499267578, 2.252565622329712, 2.593208074569702, 54.811248779296875, 59.52797317504883, 11.034187316894531, 2.8486599922180176, 4.171823978424072, 3.379218339920044, 0.9400453567504883]","[8.21458911895752, 14.530826568603516, 10.24547004699707, 11.890059471130371, 7.1692891120910645, 33.711387634277344, 33.79616928100586, 20.2309627532959, 3.131460189819336, 38.333465576171875, 15.169519424438477, 18.38356590270996, 19.09683609008789, 9.470593452453613, 5.333041191101074, 165.79226684570312, 44.30554962158203, 47.32133865356445, 19.780452728271484, 13.076539993286133, 15.347277641296387, 9.864810943603516, 7.302876949310303, 6.971376895904541, 17.36855125427246, 6.369284152984619, 10.50566577911377, 2.412442207336426, 11.295623779296875, 7.621598243713379, 17.309144973754883, 11.403556823730469, 513.4708251953125, 142.54006958007812, 15.142885208129883, 14.1573486328125, 29.8736572265625, 20.49985694885254, 15.62506103515625]",42.98650884628296,"[[134   8   0]
 [  0 158   1]
 [  0   0 153]]"
18,2,1,512,0.9801762114537445,"[274.1114501953125, 24.825613021850586, 20.18604850769043, 7.880680084228516, 9.597538948059082, 104.78112030029297, 16.003437042236328, 6.6487836837768555, 6.156482219696045, 5.439898490905762, 4.562657356262207, 1.7162833213806152, 1.5506491661071777, 1.5883824825286865, 2.3443500995635986, 1.790766716003418, 5.394205570220947, 1.3649935722351074, 26.438196182250977, 86.19730377197266, 35.62153244018555, 2.201956272125244, 1.7234302759170532, 1.139421820640564, 0.6175762414932251, 0.47945427894592285, 0.33530065417289734, 0.6637316346168518, 3.425771951675415, 21.344852447509766, 23.77281379699707, 4.9938645362854, 1.5990357398986816, 0.692273736000061, 0.8809757232666016, 4.348576068878174, 3.6244075298309326]","[46.02261734008789, 151.7913818359375, 20.010292053222656, 29.15435791015625, 0.5362287759780884, 19.211929321289062, 31.927141189575195, 14.67497730255127, 4.485877990722656, 37.69089126586914, 9.178597450256348, 0.6460381746292114, 5.649718284606934, 8.411603927612305, 3.773336410522461, 5.683154106140137, 6.311400413513184, 8.348503112792969, 26.993066787719727, 105.94808197021484, 22.174850463867188, 13.061637878417969, 7.975505352020264, 6.684375762939453, 4.210188865661621, 4.34214973449707, 2.9741687774658203, 11.764937400817871, 5.66422700881958, 47.16447067260742, 20.424142837524414, 35.234039306640625, 4.629143238067627, 3.944188356399536, 3.085700750350952, 6.4286723136901855, 13.985223770141602]",83.32818818092346,"[[138   4   0]
 [  0 154   5]
 [  0   0 153]]"
19,2,1,1024,0.986784140969163,"[265.76251220703125, 30.78619384765625, 12.909931182861328, 3.1403121948242188, 80.21508026123047, 24.9620361328125, 16.14754867553711, 7.383553504943848, 8.349969863891602, 6.4961042404174805, 3.0061559677124023, 1.7494007349014282, 0.5453047752380371, 0.634090781211853, 0.4291835129261017, 1.1498388051986694, 0.6584863066673279, 1.5554966926574707, 171.5258331298828, 16.81947135925293, 5.185500621795654, 2.6569337844848633, 0.42258352041244507, 0.27070140838623047, 0.20366525650024414, 0.0012771919136866927, 0.10235672444105148, 0.1269085854291916, 0.3227035403251648, 0.4898912310600281, 0.7584075331687927, 0.2384834587574005, 0.02154827117919922, 0.15992218255996704, 0.13459789752960205, 0.03794771805405617]","[59.33931350708008, 59.448299407958984, 5.072032928466797, 12.391901016235352, 50.608055114746094, 61.537986755371094, 22.884626388549805, 10.03603458404541, 56.903099060058594, 4.918477535247803, 15.315987586975098, 3.941138744354248, 1.2785217761993408, 6.349339008331299, 4.294597625732422, 0.7423563003540039, 2.9137613773345947, 20.88973617553711, 76.50958251953125, 4.84190559387207, 11.507834434509277, 6.157776832580566, 3.723031997680664, 2.7679600715637207, 2.4973597526550293, 2.0864527225494385, 2.287809133529663, 2.633613109588623, 3.1801352500915527, 9.643799781799316, 3.7043826580047607, 2.9620938301086426, 1.8675905466079712, 1.7429274320602417, 1.9687403440475464, 1.7145161628723145]",180.88701915740967,"[[142   0   0]
 [  1 153   5]
 [  0   0 153]]"
20,2,2,128,0.9625550660792952,"[155.89794921875, 9.8391752243042, 5.630716800689697, 3.3689823150634766, 1.8268272876739502, 1.378809928894043, 1.7100094556808472, 6.678373336791992, 13.246018409729004, 5.634611129760742, 34.896217346191406, 129.9427490234375, 20.27779769897461, 8.579916000366211, 22.52501678466797, 28.619125366210938]","[11.456825256347656, 13.5560941696167, 2.6169450283050537, 7.971802711486816, 3.53580379486084, 10.092047691345215, 1.8428614139556885, 16.439456939697266, 8.674863815307617, 18.935394287109375, 63.037696838378906, 104.62889099121094, 18.406084060668945, 20.382150650024414, 34.88255310058594, 20.9372501373291]",23.14751124382019,"[[136   6   0]
 [  0 159   0]
 [  0  11 142]]"
21,2,2,256,0.9779735682819384,"[145.92205810546875, 12.49264907836914, 17.477819442749023, 22.237699508666992, 5.1649169921875, 4.405339241027832, 3.350055456161499, 52.744895935058594, 166.3629913330078, 71.91548919677734, 40.158817291259766, 10.232647895812988, 39.702301025390625, 10.338390350341797, 11.173138618469238, 2.8211734294891357, 1.6200642585754395, 2.9601001739501953, 1.1571271419525146, 4.389108657836914, 3.666926860809326, 2.939854621887207, 0.7034587860107422, 0.7822130918502808, 0.8254067897796631, 1.0283151865005493, 0.543537974357605, 4.793701648712158, 5.800441265106201, 7.151274681091309, 1.5657175779342651, 5.88447380065918, 6.692898273468018, 11.19297981262207, 13.067607879638672, 2.284022092819214, 4.826292037963867]","[10.470880508422852, 5.993496894836426, 23.89866065979004, 38.97639846801758, 7.827271461486816, 8.684287071228027, 21.338302612304688, 262.2137756347656, 176.22219848632812, 25.167648315429688, 59.12107467651367, 31.022464752197266, 31.295536041259766, 34.09746170043945, 16.644699096679688, 11.627981185913086, 3.435596227645874, 15.524507522583008, 11.034289360046387, 4.059309005737305, 13.669634819030762, 8.328680038452148, 6.83427619934082, 11.454559326171875, 4.170680999755859, 4.154232025146484, 10.730027198791504, 9.52423095703125, 27.29611587524414, 9.38321304321289, 10.990909576416016, 11.613587379455566, 20.872222900390625, 14.760627746582031, 14.020048141479492, 30.231639862060547, 27.038169860839844]",60.9032256603241,"[[138   4   0]
 [  1 157   1]
 [  0   4 149]]"
22,2,2,512,0.9647577092511013,"[207.22991943359375, 12.683452606201172, 5.413440704345703, 9.395401954650879, 13.423463821411133, 33.669471740722656, 15.185839653015137, 9.904562950134277, 10.839969635009766, 6.6785969734191895, 6.930192947387695, 3.884749412536621, 190.30308532714844, 94.06890106201172, 19.324687957763672, 3.4138429164886475, 2.9395172595977783, 1.9356765747070312, 2.115093946456909, 1.406836986541748, 2.3622329235076904, 1.2040210962295532, 1.808699607849121, 1.8309650421142578, 2.1297733783721924, 1.628404974937439, 0.4214434325695038, 0.2824459671974182, 2.7696006298065186, 1.6399297714233398, 0.9708653688430786, 2.3223307132720947, 2.7766876220703125, 0.6845669746398926, 0.200153186917305, 1.994371771812439, 0.7362760305404663, 0.8950982093811035, 2.4873316287994385, 1.0836594104766846, 1.4962116479873657, 18.472925186157227, 63.67008590698242, 9.836872100830078, 2.4448189735412598]","[17.984832763671875, 5.985267162322998, 15.499653816223145, 18.320327758789062, 51.73468780517578, 109.087890625, 26.647090911865234, 15.677797317504883, 3.225649118423462, 14.92447280883789, 9.791340827941895, 112.4976577758789, 52.59937286376953, 53.76491165161133, 25.663488388061523, 14.596213340759277, 7.933557033538818, 13.041352272033691, 9.439056396484375, 8.130728721618652, 1.2759151458740234, 10.874656677246094, 10.580794334411621, 4.838676452636719, 15.82684326171875, 6.466384410858154, 2.119387149810791, 5.55687952041626, 4.425980091094971, 3.9712886810302734, 33.24684143066406, 5.902198314666748, 7.646915912628174, 7.348895072937012, 5.224496364593506, 4.866281986236572, 4.580695629119873, 3.1351983547210693, 2.3607521057128906, 12.324626922607422, 26.754484176635742, 53.052398681640625, 38.64988708496094, 8.087396621704102, 3.771017551422119]",124.04465389251709,"[[142   0   0]
 [  2 143  14]
 [  0   0 153]]"
23,2,2,1024,0.9845814977973568,"[319.23138427734375, 48.06683349609375, 27.641881942749023, 10.105507850646973, 4.515671730041504, 4.173862934112549, 5.83541202545166, 14.466045379638672, 7.663258075714111, 6.945629119873047, 10.957054138183594, 63.4268798828125, 29.18732261657715, 5.317459583282471, 1.350569725036621, 0.5783643126487732, 0.5446269512176514, 1.4522676467895508, 0.3340623378753662, 0.31780046224594116, 0.0219517070800066, 0.10796421766281128, 0.01166891772300005, 0.14482511579990387, 0.2624381184577942, 0.35185953974723816, 0.06296329200267792, 0.22545017302036285, 0.5423787832260132, 0.4589730501174927, 0.4240785837173462, 0.5851863622665405, 2.6568167209625244]","[19.549654006958008, 44.59805679321289, 30.940540313720703, 12.92026138305664, 3.070380210876465, 9.053427696228027, 19.983139038085938, 7.598720550537109, 19.855127334594727, 33.635433197021484, 40.17927169799805, 72.6717300415039, 69.35542297363281, 8.317940711975098, 1.8685216903686523, 1.798384428024292, 10.599774360656738, 4.321499347686768, 2.7111520767211914, 2.876260995864868, 5.199700832366943, 1.7745168209075928, 1.9621907472610474, 3.725260019302368, 4.69745397567749, 2.935276985168457, 2.1244380474090576, 3.5125255584716797, 5.296548843383789, 4.56559944152832, 1.0514464378356934, 1.9228075742721558, 6.477300643920898]",182.4965043067932,"[[140   2   0]
 [  2 154   3]
 [  0   0 153]]"
24,2,3,128,0.9713656387665198,"[118.13982391357422, 31.55072784423828, 13.774024963378906, 12.843087196350098, 59.548492431640625, 51.69538497924805, 31.294544219970703, 18.508501052856445, 29.33460235595703, 13.545083999633789, 10.848655700683594, 19.21767807006836, 5.702517509460449, 4.397453308105469, 6.635819435119629, 33.65584945678711, 208.79721069335938, 87.15650177001953, 19.50675392150879, 12.547130584716797, 5.134488105773926, 5.237597465515137, 13.6650390625, 89.74861907958984]","[16.710453033447266, 34.282989501953125, 10.827842712402344, 53.0900993347168, 48.767704010009766, 37.58992004394531, 32.924224853515625, 30.492143630981445, 44.74263381958008, 8.297560691833496, 23.025436401367188, 26.860361099243164, 9.318039894104004, 29.721664428710938, 27.961196899414062, 168.81092834472656, 48.88697052001953, 52.00445556640625, 18.15154266357422, 17.59310531616211, 21.64071273803711, 25.552074432373047, 72.07891845703125, 146.6300506591797]",46.66490602493286,"[[134   8   0]
 [  0 156   3]
 [  0   2 151]]"
25,2,3,256,0.9757709251101322,"[136.40081787109375, 10.197134017944336, 11.920761108398438, 15.824810981750488, 29.025724411010742, 71.3746337890625, 85.13761138916016, 38.81550598144531, 12.530272483825684, 10.793217658996582, 6.696027755737305, 3.0759036540985107, 3.0393636226654053, 6.243250370025635, 2.2099075317382812, 2.4704487323760986, 1.0219647884368896, 2.1875178813934326, 3.077209949493408, 7.696303367614746, 40.567440032958984, 101.80147552490234, 15.71572494506836, 23.940710067749023, 8.931940078735352, 4.296652793884277, 3.1590285301208496]","[7.919668674468994, 26.038532257080078, 16.966745376586914, 45.78167724609375, 55.45721435546875, 48.311622619628906, 149.06869506835938, 16.092554092407227, 14.328493118286133, 16.984342575073242, 7.207870006561279, 6.8470869064331055, 22.17844009399414, 6.221794605255127, 3.881619691848755, 6.12762975692749, 6.089051246643066, 14.945032119750977, 24.81966781616211, 14.27487564086914, 46.182884216308594, 69.13373565673828, 54.21192169189453, 29.436893463134766, 8.611184120178223, 20.506702423095703, 9.41042709350586]",59.619502544403076,"[[141   1   0]
 [  1 149   9]
 [  0   0 153]]"
26,2,3,512,0.9845814977973568,"[156.02830505371094, 16.959739685058594, 5.642019271850586, 5.116754055023193, 5.937522888183594, 1.1960128545761108, 5.145786285400391, 165.24325561523438, 221.0775146484375, 30.300342559814453, 19.658279418945312, 4.923619270324707, 2.2484076023101807, 0.5873383283615112, 1.152003526687622, 0.6428077220916748, 4.601823366812141e-09, 4.601823366812141e-09, 4.601823366812141e-09, 4.601823366812141e-09, 4.601823366812141e-09, 4.601823366812141e-09, 4.601823366812141e-09, 4.601823366812141e-09, 4.601823366812141e-09, 4.601823366812141e-09, 4.601823366812141e-09]","[23.36345672607422, 6.949018478393555, 24.959264755249023, 2.9483835697174072, 3.1791796684265137, 6.221220970153809, 22.268089294433594, 125.64704132080078, 97.5078125, 40.393131256103516, 14.07486629486084, 40.532073974609375, 12.788254737854004, 7.771994113922119, 8.213262557983398, 7.849386692047119, 7.849067211151123, 7.849066257476807, 7.849066257476807, 7.849069118499756, 7.849070072174072, 7.849070072174072, 7.849071025848389, 7.849071025848389, 7.849071025848389, 7.849072456359863, 7.849074363708496]",90.57410526275635,"[[140   2   0]
 [  2 154   3]
 [  0   0 153]]"
27,2,3,1024,0.9823788546255506,"[215.3152313232422, 27.204866409301758, 8.02519702911377, 16.96149444580078, 4.701381206512451, 14.503674507141113, 9.503765106201172, 4.247364044189453, 29.214906692504883, 143.26231384277344, 85.48714447021484, 19.20416259765625, 5.1578145027160645, 0.23152638971805573, 0.8731520175933838, 2.1511893272399902, 2.7231972126173787e-05, 1.2755347142956452e-06, 1.1925238823096151e-06, 1.1158742836414604e-06, 1.063077661456191e-06, 1.0214627081950312e-06, 9.675704859546386e-07, 9.500450914856629e-07, 9.246322179023991e-07, 9.174018487101421e-07, 8.646034075354692e-07, 8.352465101779671e-07, 8.05888419108669e-07, 7.798172418915783e-07, 7.539649118371017e-07, 7.186914672274725e-07, 7.007259341662575e-07, 6.718056511090253e-07, 6.133068950475717e-07, 5.940260052739177e-07, 6.034466082383005e-07, 5.784696668342804e-07, 5.541498353522911e-07, 5.315823727869429e-07, 5.098904694023076e-07, 4.877612127529574e-07, 4.640978659153916e-07, 4.472265686672472e-07, 4.204954677788919e-07, 3.9902266735225567e-07, 3.889435902237892e-07, 3.6703232808577013e-07, 3.560762138477003e-07, 3.427107060360868e-07, 3.179505654316017e-07, 3.06994792254045e-07, 2.804817427204398e-07, 2.585698837265227e-07, 2.668963929863821e-07, 2.5374907863806584e-07, 2.3468574283924681e-07, 2.2876947980421392e-07, 2.1365013935792376e-07, 2.0619994245407725e-07, 1.906422681940967e-07, 1.8363030562795757e-07, 1.7596096313354792e-07, 1.696062668088416e-07, 1.538293332714602e-07, 1.4966596495469275e-07, 1.4112004009803059e-07, 1.3454621239361586e-07, 1.2753419298405788e-07, 1.1898822549483157e-07, 1.14386509153519e-07, 1.0759355006939586e-07, 1.0167709518782431e-07, 9.904754705303276e-08, 8.589979927364766e-08, 8.699545617218973e-08, 8.23937185145951e-08, 7.823025072184464e-08, 7.362853438053207e-08, 7.012243941062479e-08, 6.617807457587332e-08, 6.289111809110182e-08, 5.938503022662189e-08, 5.697458149711565e-08, 5.4125877113619936e-08, 4.7332797237231716e-08, 4.71136658575233e-08, 4.601800185355387e-08, 4.360754957133395e-08, 3.8129240209627824e-08, 3.9224907766310935e-08, 3.7252707585366807e-08, 3.462312392343847e-08, 3.330832853976062e-08, 2.9802201595430233e-08, 3.045959928726916e-08, 2.8706535815103962e-08, 2.761087181113453e-08, 2.607693971867775e-08, 2.454300584986413e-08]","[30.81275177001953, 20.569156646728516, 83.66638946533203, 17.385438919067383, 5.289211273193359, 24.83346176147461, 11.462119102478027, 15.195355415344238, 73.86774444580078, 126.2796859741211, 72.53130340576172, 8.685212135314941, 6.5181193351745605, 5.179043769836426, 8.662956237792969, 4.892135143280029, 2.544334888458252, 2.5433552265167236, 2.5425400733947754, 2.5415780544281006, 2.540891647338867, 2.540318727493286, 2.540193557739258, 2.539823532104492, 2.539361000061035, 2.539407253265381, 2.5401744842529297, 2.53933048248291, 2.538809299468994, 2.538790225982666, 2.538022756576538, 2.538757801055908, 2.5385518074035645, 2.5384857654571533, 2.538038730621338, 2.5381059646606445, 2.538317918777466, 2.537999391555786, 2.538215160369873, 2.5380094051361084, 2.5378854274749756, 2.5381102561950684, 2.5385401248931885, 2.538144826889038, 2.537954807281494, 2.53800106048584, 2.5376687049865723, 2.537581443786621, 2.536942958831787, 2.53794002532959, 2.5381641387939453, 2.5383784770965576, 2.5383517742156982, 2.538189649581909, 2.5379154682159424, 2.5382797718048096, 2.5383188724517822, 2.5383386611938477, 2.538792848587036, 2.538360357284546, 2.538233518600464, 2.538128137588501, 2.539243698120117, 2.538381338119507, 2.5386033058166504, 2.538351535797119, 2.5382370948791504, 2.538709878921509, 2.538816213607788, 2.538255214691162, 2.5375232696533203, 2.5390992164611816, 2.5398101806640625, 2.538315773010254, 2.5391952991485596, 2.538877487182617, 2.5392589569091797, 2.5389623641967773, 2.5388031005859375, 2.538602113723755, 2.539032459259033, 2.5393564701080322, 2.539072275161743, 2.537726402282715, 2.539430856704712, 2.539365291595459, 2.539397716522217, 2.5396158695220947, 2.540891170501709, 2.5386815071105957, 2.5397989749908447, 2.538773536682129, 2.5391290187835693, 2.5387442111968994, 2.538736343383789, 2.538455009460449, 2.538633346557617, 2.5384557247161865, 2.5381970405578613, 2.5385799407958984]",605.4916369915009,"[[142   0   0]
 [  2 152   5]
 [  0   1 152]]"
28,2,4,128,0.9625550660792952,"[130.1011962890625, 19.254348754882812, 3.8437747955322266, 4.269043445587158, 3.5249226093292236, 1.0144985914230347, 1.9399055242538452, 13.080163955688477, 8.930970191955566, 6.098902225494385, 18.233901977539062, 29.675920486450195, 37.02046203613281, 34.72538375854492, 17.6646785736084, 8.03601360321045]","[34.669189453125, 9.51305866241455, 14.177694320678711, 9.227229118347168, 7.4130730628967285, 3.5463693141937256, 0.9972251653671265, 33.00020980834961, 4.1070661544799805, 9.375048637390137, 16.198715209960938, 12.213184356689453, 90.09954071044922, 27.670215606689453, 20.343090057373047, 15.745745658874512]",40.465208292007446,"[[141   1   0]
 [  2 143  14]
 [  0   0 153]]"
29,2,4,256,0.9889867841409692,"[172.311279296875, 36.301612854003906, 24.503372192382812, 9.833633422851562, 11.378388404846191, 11.104436874389648, 9.83661937713623, 17.6157169342041, 8.24748706817627, 19.321130752563477, 12.829606056213379, 10.648981094360352, 17.033864974975586, 7.10789680480957, 7.387040138244629, 19.38788414001465, 63.60592269897461, 26.287702560424805, 29.058334350585938, 16.524749755859375, 8.442826271057129, 1.4003450870513916, 3.5241942405700684, 4.108097553253174, 0.6906795501708984, 1.6215897957749803e-08, 1.6215897957749803e-08, 1.6215897957749803e-08, 1.6215897957749803e-08, 1.6215897957749803e-08, 1.6215897957749803e-08, 1.6215897957749803e-08, 1.6215897957749803e-08, 1.6215897957749803e-08, 1.6215897957749803e-08, 1.6215897957749803e-08]","[14.110024452209473, 15.270956993103027, 26.834880828857422, 24.296560287475586, 20.245052337646484, 9.424439430236816, 74.33395385742188, 11.871541976928711, 74.37422180175781, 13.243101119995117, 53.40731430053711, 84.21223449707031, 25.94333839416504, 32.31591033935547, 9.685606002807617, 21.67574119567871, 35.79408645629883, 28.372411727905273, 18.376174926757812, 25.169109344482422, 13.302754402160645, 8.271425247192383, 35.6943244934082, 6.647542953491211, 2.8983564376831055, 2.898273229598999, 2.8982787132263184, 2.8982839584350586, 2.898289918899536, 2.8982982635498047, 2.8983047008514404, 2.898313283920288, 2.8983209133148193, 2.8983280658721924, 2.8983473777770996, 2.8983561992645264]",96.64530181884766,"[[141   1   0]
 [  1 155   3]
 [  0   0 153]]"
30,2,4,512,0.9823788546255506,"[171.11045837402344, 18.8617000579834, 35.47573471069336, 71.0046615600586, 28.06314468383789, 9.01364803314209, 3.7252514362335205, 5.806309223175049, 4.420195579528809, 3.513348340988159, 2.4242560863494873, 1.4883427619934082, 3.1138648986816406, 4.887938499450684, 72.87854766845703, 115.18984985351562, 24.94024085998535, 6.044479846954346, 1.8667179346084595, 1.7360929250717163, 1.4450428485870361, 1.0230714082717896, 0.992726743221283, 1.0547319650650024, 1.235429048538208, 1.1320416927337646, 2.6752679347991943, 0.45294952392578125, 0.5788112878799438, 0.004002999514341354, 0.0837785080075264, 0.4967111647129059, 2.246499538421631, 11.229503631591797, 14.229803085327148, 28.384422302246094, 16.199480056762695, 1.7371907234191895, 0.4498366415500641, 0.6511223912239075]","[114.18900299072266, 10.136336326599121, 37.964698791503906, 17.814624786376953, 21.490341186523438, 5.556650161743164, 4.959185600280762, 13.950675964355469, 3.4542770385742188, 25.907012939453125, 5.430179119110107, 11.86117935180664, 6.897317409515381, 16.869949340820312, 47.44105911254883, 54.548736572265625, 16.842565536499023, 6.092487335205078, 14.002007484436035, 9.606649398803711, 8.787452697753906, 5.798009395599365, 6.375522136688232, 7.907621383666992, 4.9929022789001465, 10.409283638000488, 6.389188766479492, 6.188511848449707, 3.5115206241607666, 3.484814167022705, 5.323457717895508, 3.198829174041748, 7.602509498596191, 25.82973861694336, 30.22063446044922, 45.19414138793945, 10.210872650146484, 4.153687477111816, 3.5460689067840576, 6.584078788757324]",154.51898646354675,"[[138   4   0]
 [  1 155   3]
 [  0   0 153]]"
31,2,4,1024,0.986784140969163,"[304.6517028808594, 20.3201847076416, 7.965044975280762, 9.897380828857422, 7.423079490661621, 7.599880218505859, 3.9159793853759766, 8.08006477355957, 130.46853637695312, 27.989765167236328, 15.311814308166504, 15.690458297729492, 2.350684404373169, 1.0729271173477173, 1.963240623474121, 2.5941457748413086, 1.702460765838623, 1.294676661491394, 2.5177998542785645, 1.1514668464660645, 1.4865076541900635, 0.7135233283042908, 1.0164899826049805, 1.127799153327942, 0.3606546223163605, 0.757720947265625, 0.8780285120010376, 1.899401068687439, 0.644692063331604, 0.38219138979911804, 0.47030073404312134, 0.7155436873435974, 1.0531386137008667, 4.520226955413818, 347.6780700683594]","[37.26979446411133, 9.353045463562012, 23.455976486206055, 17.557390213012695, 16.004911422729492, 2.149632453918457, 21.588783264160156, 4.586231708526611, 110.35833740234375, 28.61317253112793, 16.99109649658203, 20.89165687561035, 8.947033882141113, 7.695362567901611, 4.192672252655029, 9.427120208740234, 2.06762957572937, 1.5104055404663086, 9.741729736328125, 5.243354320526123, 5.39361572265625, 2.6254069805145264, 3.939290761947632, 3.6326065063476562, 2.2651312351226807, 5.84135103225708, 1.7101999521255493, 1.4583616256713867, 1.8644993305206299, 3.44486141204834, 3.8676767349243164, 3.634025812149048, 2.275209426879883, 21.2868595123291, 86.13223266601562]",231.98518919944763,"[[138   4   0]
 [  0 157   2]
 [  0   0 153]]"
32,3,1,128,0.9647577092511013,"[64.16032409667969, 50.23525619506836, 73.75628662109375, 23.96429443359375, 5.743717193603516, 12.996932983398438, 10.098515510559082, 9.085456848144531, 6.734853267669678, 3.6635239124298096, 4.191202640533447, 4.01873779296875, 13.984688758850098, 57.26393127441406, 86.24221801757812, 12.247380256652832, 21.228134155273438, 14.752814292907715, 7.175334453582764, 5.260890483856201]","[14.143226623535156, 14.736259460449219, 46.410335540771484, 14.847492218017578, 42.79246520996094, 22.765357971191406, 21.923730850219727, 9.401715278625488, 28.80250358581543, 6.373447418212891, 17.698713302612305, 11.67041015625, 18.248119354248047, 37.93253707885742, 46.945106506347656, 24.65412139892578, 133.4119110107422, 14.795703887939453, 27.359582901000977, 9.599603652954102]",19.173027276992798,"[[132  10   0]
 [  0 158   1]
 [  0   5 148]]"
33,3,1,256,0.9449339207048458,"[213.53302001953125, 10.994430541992188, 4.6999711990356445, 33.42922592163086, 37.23270034790039, 25.93914031982422, 21.876516342163086, 15.281933784484863, 6.418036937713623, 5.040627479553223, 5.399486541748047, 11.541394233703613, 209.80162048339844]","[25.06690788269043, 8.36953353881836, 9.555155754089355, 42.00179672241211, 6.8589043617248535, 22.669897079467773, 19.604122161865234, 36.40194320678711, 13.88962173461914, 8.377233505249023, 3.9544620513916016, 7.924936771392822, 272.9728088378906]",16.831672430038452,"[[142   0   0]
 [ 15 144   0]
 [  0  10 143]]"
34,3,1,512,0.9845814977973568,"[118.36978149414062, 38.275604248046875, 29.041061401367188, 7.807227611541748, 2.755979537963867, 4.674157619476318, 4.226927280426025, 10.918828010559082, 94.3084945678711, 69.5862045288086, 25.009235382080078, 6.963947296142578, 3.144721508026123, 0.731464684009552, 1.377928376197815, 0.8732192516326904, 0.5870302319526672, 11.203417778015137, 1.1064106225967407, 1.6513597965240479, 0.32601529359817505, 0.6559489369392395, 1.1393376588821411, 1.1972461938858032, 0.8914121985435486, 1.20924711227417, 0.9511705040931702, 16.56092071533203, 41.20170974731445, 2.485106945037842, 1.4535000324249268]","[16.122426986694336, 93.12742614746094, 7.7587809562683105, 6.782522201538086, 7.107264995574951, 12.755149841308594, 3.1136088371276855, 35.54058837890625, 97.99268341064453, 76.85768127441406, 116.5418472290039, 18.145877838134766, 16.95487403869629, 10.77200698852539, 10.519225120544434, 8.586443901062012, 17.394744873046875, 12.688077926635742, 23.245874404907227, 7.310405731201172, 11.18673324584961, 7.6205973625183105, 11.456379890441895, 7.269787788391113, 5.797621726989746, 8.761746406555176, 6.643928050994873, 13.571640968322754, 4.151810169219971, 5.152817249298096, 1.557509422302246]",72.45118618011475,"[[139   3   0]
 [  1 155   3]
 [  0   0 153]]"
35,3,1,1024,0.9911894273127754,"[393.5815734863281, 38.41768264770508, 31.957157135009766, 20.584060668945312, 17.157312393188477, 19.34578514099121, 4.651917457580566, 1.0052205324172974, 1.2812719345092773, 1.6784677505493164, 0.5940968990325928, 1.8078714609146118, 0.8784348964691162, 0.815072238445282, 2.6393258571624756, 7.1034321784973145, 115.75227355957031, 38.69415283203125, 2.295010566711426, 4.464809417724609, 3.9789586067199707]","[25.64726448059082, 56.909114837646484, 29.74297523498535, 26.60496711730957, 52.56774139404297, 15.798852920532227, 8.010475158691406, 5.806929588317871, 7.01928186416626, 6.820589065551758, 0.7920084595680237, 2.3772034645080566, 4.0864949226379395, 1.448797583580017, 1.169805884361267, 95.19412994384766, 77.41950225830078, 30.856380462646484, 9.980877876281738, 4.507412910461426, 2.615684986114502]",108.09548687934875,"[[142   0   0]
 [  3 155   1]
 [  0   0 153]]"
36,3,2,128,0.9691629955947136,"[89.30524444580078, 24.915674209594727, 38.67103576660156, 37.93699264526367, 6.67038106918335, 4.2246928215026855, 5.4430365562438965, 14.263434410095215, 12.882528305053711, 109.74259185791016, 106.85546112060547, 90.6216049194336, 24.90955352783203, 14.816096305847168, 14.098010063171387, 5.46674108505249]","[29.991594314575195, 190.4955596923828, 87.80770874023438, 40.64046859741211, 17.581037521362305, 11.155950546264648, 7.48637580871582, 15.588482856750488, 47.62646484375, 62.13904571533203, 112.39471435546875, 51.79379653930664, 10.73865795135498, 10.778084754943848, 13.701613426208496, 8.662422180175781]",25.142348766326904,"[[139   3   0]
 [  4 150   5]
 [  0   2 151]]"
37,3,2,256,0.9823788546255506,"[144.713134765625, 14.672607421875, 11.851907730102539, 29.22951316833496, 31.119062423706055, 9.916413307189941, 3.5905611515045166, 13.324084281921387, 11.950423240661621, 19.631813049316406, 170.77713012695312, 46.558753967285156, 21.061725616455078, 20.524822235107422, 7.296507835388184, 5.541463375091553, 3.037416458129883, 2.52569842338562, 1.1912381649017334, 6.041619300842285, 1.8280020952224731, 2.5311946868896484, 0.14887434244155884, 2.1913471037748877e-10, 2.1913471037748877e-10, 2.1913471037748877e-10, 2.1913471037748877e-10, 2.1913471037748877e-10, 2.1913471037748877e-10, 2.1913471037748877e-10, 2.1913471037748877e-10, 2.1913471037748877e-10, 2.1913471037748877e-10, 2.1913471037748877e-10]","[39.532283782958984, 20.773151397705078, 33.304439544677734, 48.51191329956055, 18.236629486083984, 8.785314559936523, 6.601389408111572, 15.667411804199219, 51.35404586791992, 53.28201675415039, 71.40415954589844, 51.784881591796875, 46.4458122253418, 89.96764373779297, 24.044572830200195, 17.045995712280273, 9.942597389221191, 15.310518264770508, 25.649580001831055, 7.904585838317871, 6.7862629890441895, 8.492006301879883, 4.712339401245117, 4.712428092956543, 4.712428569793701, 4.712428569793701, 4.712428569793701, 4.712428569793701, 4.712428092956543, 4.712428092956543, 4.712428092956543, 4.712428092956543, 4.712428092956543, 4.712427616119385]",62.46725606918335,"[[141   1   0]
 [  2 153   4]
 [  0   1 152]]"
38,3,2,512,0.9801762114537445,"[140.10548400878906, 15.004220962524414, 104.1824951171875, 100.93375396728516, 9.189233779907227, 12.63125991821289, 3.6224746704101562, 7.666272163391113, 2.0290720462799072, 1.9190406799316406, 2.5268497467041016, 1.9040749073028564, 1.964978814125061, 2.3702492713928223, 6.101565837860107, 5.275639057159424, 4.441730976104736, 3.2397046089172363, 30.394086837768555, 117.50621795654297, 43.10588836669922, 5.016467094421387]","[16.435117721557617, 107.76651000976562, 521.3224487304688, 117.10111999511719, 19.796985626220703, 16.66097068786621, 16.103105545043945, 4.798311233520508, 5.823605537414551, 10.318930625915527, 2.849038600921631, 7.597194194793701, 15.456467628479004, 7.844926834106445, 17.772985458374023, 16.82798957824707, 18.86380958557129, 6.496151924133301, 24.82379150390625, 139.27545166015625, 18.05379295349121, 5.481984615325928]",65.57423949241638,"[[140   2   0]
 [  1 158   0]
 [  0   6 147]]"
39,3,2,1024,0.9757709251101322,"[214.47792053222656, 40.21590805053711, 120.9952163696289, 14.261198043823242, 6.830624580383301, 3.9947195053100586, 5.118766784667969, 2.478515386581421, 2.166929244995117, 0.376662939786911, 1.1881380081176758, 0.15218102931976318, 1.5186195373535156, 8.34609317779541, 6.813168525695801, 12.475654602050781, 5.242203712463379, 2.631349802017212, 1.3862966299057007, 0.394293874502182, 0.14606668055057526, 0.7849411964416504, 0.5014535188674927, 0.33526933193206787, 1.5346401929855347, 1.3533493280410767, 0.5816149711608887, 0.6055606603622437, 0.41737255454063416, 0.29078835248947144, 110.70063781738281]","[90.45052337646484, 31.306867599487305, 34.347984313964844, 15.861637115478516, 54.8962516784668, 17.253332138061523, 1.9738190174102783, 11.71759033203125, 2.4173777103424072, 2.267411470413208, 2.576977014541626, 3.6940484046936035, 27.097061157226562, 11.528326034545898, 8.605250358581543, 10.254852294921875, 17.035999298095703, 1.860741138458252, 2.311054229736328, 2.9364171028137207, 3.4410626888275146, 1.4739601612091064, 1.3421329259872437, 1.5889499187469482, 1.129649043083191, 1.0455715656280518, 2.0734291076660156, 1.6846752166748047, 0.7384023666381836, 5.119925022125244, 879.7780151367188]",178.1806766986847,"[[142   0   0]
 [  7 148   4]
 [  0   0 153]]"
40,3,3,128,0.9801762114537445,"[97.95140075683594, 18.59406280517578, 30.094783782958984, 17.950820922851562, 6.932586193084717, 14.578696250915527, 13.60147476196289, 7.06392765045166, 4.4420647621154785, 59.922306060791016, 22.004819869995117, 15.438655853271484, 25.247018814086914, 8.750622749328613, 41.119136810302734, 65.05842590332031, 12.454907417297363, 2.712282180786133, 4.24045467376709, 7.159883975982666, 7.209803581237793, 4.299380302429199, 1.2392468452453613, 2.5757014751434326, 1.214104413986206, 3.3156604766845703, 4.927213668823242, 2.1503686904907227, 8.69313907623291, 7.745076656341553, 6.599140167236328, 24.657255172729492, 11.468788146972656, 26.782882690429688, 34.824989318847656]","[8.985767364501953, 3.7696847915649414, 90.35958099365234, 12.525172233581543, 7.321089744567871, 35.638648986816406, 51.4680061340332, 2.245579957962036, 15.179945945739746, 97.36532592773438, 20.572006225585938, 51.975337982177734, 21.605026245117188, 13.58405876159668, 325.8477478027344, 32.49800109863281, 29.447784423828125, 17.567745208740234, 6.231574058532715, 50.2803955078125, 18.471942901611328, 9.672737121582031, 9.649855613708496, 11.913726806640625, 3.8834667205810547, 16.816072463989258, 23.398311614990234, 6.687839031219482, 54.40758514404297, 15.752158164978027, 25.74355125427246, 8.190203666687012, 15.334922790527344, 34.64170837402344, 116.80747985839844]",73.86356830596924,"[[142   0   0]
 [  4 151   4]
 [  0   1 152]]"
41,3,3,256,0.9779735682819384,"[142.90841674804688, 42.751312255859375, 15.388894081115723, 12.744694709777832, 7.516452789306641, 61.36487579345703, 65.50528717041016, 128.4131317138672, 125.91268157958984, 26.44389533996582, 22.220565795898438, 0.8244593143463135, 5.885085582733154, 0.3816189467906952, 2.9408395290374756, 10.684968948364258, 1.5726499557495117, 0.17302517592906952, 1.2720746994018555, 0.9698205590248108, 0.9674853086471558, 9.437861442565918, 4.709301948547363, 2.9599921703338623, 4.598087310791016, 3.7674906253814697, 1.6282787322998047, 3.1252360343933105]","[92.6137466430664, 32.17938232421875, 18.661197662353516, 20.991317749023438, 29.321395874023438, 35.49817657470703, 89.02755737304688, 88.89359283447266, 102.10074615478516, 23.27796173095703, 15.948188781738281, 45.35396957397461, 9.475105285644531, 10.736336708068848, 8.0072021484375, 20.035415649414062, 12.436882972717285, 10.796243667602539, 9.445322036743164, 9.09975528717041, 18.858503341674805, 16.611663818359375, 22.70751953125, 4.790951251983643, 8.580001831054688, 6.215693950653076, 5.583744525909424, 8.493718147277832]",67.58970499038696,"[[140   2   0]
 [  1 151   7]
 [  0   0 153]]"
42,3,3,512,0.9801762114537445,"[178.47369384765625, 36.700740814208984, 9.126727104187012, 4.906966209411621, 1.2677658796310425, 2.605225086212158, 8.990317344665527, 11.787564277648926, 83.03973388671875, 29.62389373779297, 32.06513595581055, 69.98294830322266, 57.571781158447266, 8.110469818115234, 3.6825003623962402]","[40.02968978881836, 24.2501277923584, 3.784707546234131, 2.1848506927490234, 5.392360687255859, 3.021663188934326, 45.52301788330078, 169.87176513671875, 139.12049865722656, 29.396827697753906, 11.02038288116455, 52.57939529418945, 39.57960891723633, 34.74747085571289, 12.933030128479004]",55.34169673919678,"[[140   2   0]
 [  6 152   1]
 [  0   0 153]]"
43,3,3,1024,0.9823788546255506,"[405.2369079589844, 26.850820541381836, 7.603059768676758, 3.517603874206543, 1.363182783126831, 5.062342166900635, 21.491762161254883, 23.580169677734375, 88.40617370605469, 17.177427291870117, 5.499168872833252, 5.455166816711426, 1.7865986824035645, 1.8663424253463745, 0.6055082082748413, 0.6957117915153503, 0.38176390528678894, 2.372288465499878, 0.8707284331321716, 0.827271044254303, 0.4570915997028351, 0.5609646439552307, 0.48762956261634827, 0.3544246554374695, 0.26492324471473694, 0.18756023049354553, 0.15920518338680267, 0.2871493995189667, 0.6975238919258118, 5.696401119232178, 8.66648006439209, 16.166231155395508, 8.036670684814453, 19.561817169189453, 145.78994750976562, 5.11884069442749, 5.253266334533691]","[41.905059814453125, 10.359720230102539, 5.007289886474609, 3.0791127681732178, 20.56296730041504, 11.861963272094727, 75.67903137207031, 124.09343719482422, 26.593935012817383, 11.666536331176758, 13.369311332702637, 34.53422927856445, 7.337445259094238, 2.348736524581909, 6.651661396026611, 2.37410569190979, 1.350451111793518, 4.358699321746826, 0.9001205563545227, 2.293041944503784, 5.032003879547119, 3.823777198791504, 3.0823543071746826, 3.734931707382202, 1.4067052602767944, 1.8306893110275269, 3.0539426803588867, 4.055741310119629, 5.058691501617432, 6.66851806640625, 12.152623176574707, 4.133597373962402, 6.589611053466797, 29.267044067382812, 28.810413360595703, 4.558991432189941, 12.564009666442871]",235.7036201953888,"[[142   0   0]
 [  2 152   5]
 [  0   1 152]]"
44,3,4,128,0.960352422907489,"[119.40962982177734, 32.93226623535156, 11.702934265136719, 10.372076034545898, 3.58829927444458, 6.614628314971924, 4.8305888175964355, 6.152002334594727, 4.542182445526123, 13.757210731506348, 64.77848815917969, 92.06480407714844, 54.26604461669922, 16.537683486938477, 21.77208137512207]","[15.01866626739502, 15.583052635192871, 20.311864852905273, 8.5203275680542, 5.763889312744141, 10.58546257019043, 10.725911140441895, 1.5581281185150146, 8.16047477722168, 5.021359443664551, 83.99028015136719, 36.5513801574707, 114.20179748535156, 70.33171844482422, 14.16706371307373]",41.626513957977295,"[[138   4   0]
 [  7 145   7]
 [  0   0 153]]"
45,3,4,256,0.9713656387665198,"[165.3218536376953, 10.889472961425781, 6.831849098205566, 12.843002319335938, 15.68109130859375, 10.48522663116455, 15.915352821350098, 10.1361722946167, 93.81634521484375, 103.03462982177734, 6.003026008605957, 3.692190170288086, 3.115870714187622, 4.399329662322998, 32.542449951171875, 34.620758056640625, 21.67484474182129, 13.092257499694824, 3.3727898597717285, 5.164176940917969, 5.585830211639404, 14.192480087280273, 14.010826110839844]","[11.859879493713379, 19.085384368896484, 2.1619741916656494, 13.041671752929688, 3.8887410163879395, 13.739068984985352, 6.500748157501221, 58.101715087890625, 53.05854415893555, 42.86397171020508, 26.78679656982422, 10.603340148925781, 14.98719310760498, 25.869384765625, 45.64570617675781, 164.8303985595703, 29.2918643951416, 10.281522750854492, 9.095559120178223, 4.941242694854736, 9.509286880493164, 56.828887939453125, 30.325037002563477]",69.83004713058472,"[[136   6   0]
 [  1 152   6]
 [  0   0 153]]"
46,3,4,512,0.9845814977973568,"[176.45468139648438, 69.31462860107422, 20.201448440551758, 7.38060998916626, 4.23525857925415, 3.7599735260009766, 6.159483432769775, 3.3206024169921875, 15.487536430358887, 35.700504302978516, 38.86665725708008, 44.92451095581055, 19.938472747802734, 26.203378677368164, 38.72581481933594, 30.42395782470703, 7.167273044586182, 2.391242504119873, 2.629462480545044, 3.2663981914520264, 0.7794898748397827, 1.5485385656356812, 0.4803641736507416, 0.22116117179393768, 0.3525349795818329, 0.08720960468053818, 0.07980649918317795, 0.054705675691366196, 0.2562471032142639, 0.02750161476433277, 3.510183887556195e-05, 3.023810393187887e-07, 2.909878844548075e-07, 2.80032850241696e-07, 2.6907775918516563e-07, 2.5834168582150596e-07, 2.478246585724264e-07, 2.377457946067807e-07, 2.278859909665698e-07, 2.1846435060979275e-07, 2.0904265340959682e-07, 2.002782224508337e-07, 1.9151377728121588e-07, 1.831875096058866e-07, 1.7486118508713844e-07, 1.6719219786409667e-07, 1.5974228517734446e-07, 1.527305641957355e-07, 1.454996976235634e-07, 1.38707051178244e-07, 1.3235261064892256e-07, 1.262172730776001e-07, 1.2008190708456823e-07, 1.1460389259809745e-07, 1.0934497396419829e-07, 1.0561990393398446e-07, 9.860798400040949e-08, 9.378726417708094e-08, 8.918566862803345e-08, 8.480316893155759e-08, 8.063981482564486e-08, 7.669555657230376e-08, 7.297041548781635e-08, 6.946439867761e-08, 6.595836765654894e-08, 6.267146090976894e-08, 5.9384554162988934e-08, 5.6535888859343686e-08, 5.368722355569844e-08, 5.105768252633425e-08, 4.84281343915427e-08, 4.6017717636459565e-08, 4.382642160294381e-08, 4.141599418971964e-08, 3.944382243048494e-08, 3.7252529949682867e-08, 3.5499482464729226e-08, 3.3746434979775586e-08, 3.1993391047535624e-08, 3.0240343562581984e-08, 2.870642390462308e-08, 2.739163562637259e-08, 2.5857715968413686e-08, 2.4542925913806357e-08, 2.322813408284219e-08, 2.2132473631586436e-08, 2.1036813180330682e-08, 1.994115272907493e-08, 1.8845488725105497e-08, 1.7749826497492904e-08, 1.6873297425945566e-08, 1.599676480168455e-08, 1.512023395378037e-08, 1.4462834485584608e-08, 1.358630274950201e-08, 1.2928903281306248e-08, 1.2271503813110485e-08, 1.1614103456736302e-08, 1.095670398854054e-08, 1.0518436788231611e-08]","[73.65057373046875, 60.45604705810547, 21.63564109802246, 34.37158203125, 28.479873657226562, 19.011016845703125, 4.487659931182861, 15.767197608947754, 29.053316116333008, 53.64937973022461, 30.608524322509766, 96.88702392578125, 63.339866638183594, 99.9874267578125, 46.95345687866211, 16.69978141784668, 11.230462074279785, 6.30729341506958, 7.710251808166504, 3.630011558532715, 9.943681716918945, 2.8969178199768066, 1.8524045944213867, 7.650655269622803, 3.496151924133301, 4.178878307342529, 2.447843313217163, 2.5111377239227295, 3.3569960594177246, 2.552957534790039, 2.5547845363616943, 2.554654359817505, 2.5545854568481445, 2.5545177459716797, 2.554480791091919, 2.5543766021728516, 2.554304361343384, 2.5542397499084473, 2.5541584491729736, 2.554089307785034, 2.554006814956665, 2.5539331436157227, 2.5538549423217773, 2.553797483444214, 2.5536961555480957, 2.5536181926727295, 2.553539514541626, 2.553480625152588, 2.5533769130706787, 2.553295850753784, 2.5532114505767822, 2.553128480911255, 2.5530452728271484, 2.552964925765991, 2.552919626235962, 2.5528011322021484, 2.5527586936950684, 2.5526254177093506, 2.5525765419006348, 2.55249285697937, 2.552365303039551, 2.552278757095337, 2.5521936416625977, 2.5521061420440674, 2.5520198345184326, 2.551941394805908, 2.551889419555664, 2.5517494678497314, 2.5516648292541504, 2.5515780448913574, 2.5514912605285645, 2.551405429840088, 2.5513179302215576, 2.5512359142303467, 2.5511622428894043, 2.5510473251342773, 2.5509610176086426, 2.550874710083008, 2.5507874488830566, 2.5507001876831055, 2.5506093502044678, 2.550553798675537, 2.550431728363037, 2.5503435134887695, 2.550255537033081, 2.5501933097839355, 2.550081253051758, 2.5499954223632812, 2.549905300140381, 2.5498173236846924, 2.5497324466705322, 2.549643039703369, 2.5495593547821045, 2.5495107173919678, 2.549370765686035, 2.54929256439209, 2.5491933822631836, 2.5491039752960205, 2.54902982711792, 2.5489325523376465]",407.8762493133545,"[[141   1   0]
 [  1 153   5]
 [  0   0 153]]"
47,3,4,1024,0.9823788546255506,"[477.9908447265625, 17.317625045776367, 9.080029487609863, 2.7668535709381104, 4.029865264892578, 4.751109600067139, 21.08798599243164, 108.3860092163086, 364.6068420410156, 13.17518138885498, 4.924417972564697, 0.6436018943786621, 0.2789483368396759, 1.2085981369018555, 0.5033897757530212, 0.7632761001586914, 0.6905320882797241, 0.36663269996643066, 0.5507017970085144, 0.27782899141311646, 0.8415180444717407, 0.3874686658382416, 0.2857038378715515, 1.9070556163787842, 0.9521026611328125, 0.7363820672035217, 0.5021057724952698, 3.3555073738098145, 3.5630927085876465, 8.668787956237793]","[32.63793182373047, 58.86545181274414, 11.381852149963379, 10.609206199645996, 5.898632049560547, 24.331436157226562, 92.25628662109375, 206.0832061767578, 42.767181396484375, 26.99660301208496, 3.456834554672241, 5.136989116668701, 4.689795970916748, 2.589674472808838, 8.575889587402344, 6.5017547607421875, 4.251025676727295, 3.0192489624023438, 4.601473808288574, 2.219985008239746, 2.583319664001465, 2.3844447135925293, 6.442798137664795, 6.410745620727539, 5.555744171142578, 1.8234553337097168, 11.701515197753906, 15.95470142364502, 29.284561157226562, 6.777098655700684]",209.3478717803955,"[[140   2   0]
 [  2 153   4]
 [  0   0 153]]"
48,4,1,128,0.9823788546255506,"[66.00706481933594, 67.79859161376953, 23.67433738708496, 6.382104396820068, 6.653575420379639, 2.9779460430145264, 40.426944732666016, 18.57410430908203, 12.57797908782959, 0.6713016629219055, 6.196708679199219, 2.676419734954834, 9.464485168457031, 7.584883689880371, 0.9067960381507874, 0.18072383105754852, 0.1507158875465393, 1.8290513753890991, 3.768003225326538, 1.291193962097168, 0.9498616456985474, 131.58726501464844, 121.99468994140625, 43.5447883605957, 2.546295166015625, 0.4876258075237274, 0.529529333114624]","[84.40325164794922, 61.1510009765625, 15.437629699707031, 23.534440994262695, 3.719655752182007, 9.308086395263672, 32.84777069091797, 22.436767578125, 35.05299758911133, 94.98380279541016, 14.353687286376953, 29.891077041625977, 19.80279541015625, 9.06208610534668, 0.37037503719329834, 1.8969426155090332, 1.6432424783706665, 4.541039943695068, 3.098966121673584, 2.1418919563293457, 6.355313777923584, 845.8674926757812, 102.97705078125, 25.883729934692383, 0.37815752625465393, 0.6412132978439331, 0.7041763067245483]",28.66227436065674,"[[142   0   0]
 [  1 152   6]
 [  0   1 152]]"
49,4,1,256,0.9911894273127754,"[143.5249786376953, 36.774635314941406, 60.829490661621094, 38.795284271240234, 28.331457138061523, 13.379902839660645, 17.228195190429688, 11.275343894958496, 14.480415344238281, 1.8624054193496704, 2.000699758529663, 2.2906265258789062, 12.596702575683594, 12.993820190429688, 248.5838165283203, 68.07424926757812, 13.655821800231934, 5.909270763397217, 4.716176986694336, 4.6954498291015625]","[54.68012619018555, 28.442184448242188, 41.082054138183594, 42.038238525390625, 86.98561096191406, 18.3876953125, 49.307777404785156, 20.663480758666992, 7.893644332885742, 7.078095436096191, 8.43266773223877, 7.424163341522217, 17.845090866088867, 1.273762822151184, 99.70720672607422, 34.47693634033203, 48.79927062988281, 15.90784740447998, 13.811256408691406, 18.002843856811523]",25.424697637557983,"[[142   0   0]
 [  1 157   1]
 [  0   2 151]]"
50,4,1,512,0.9845814977973568,"[230.8725128173828, 18.27144432067871, 34.75730895996094, 49.736087799072266, 68.3018569946289, 43.219085693359375, 2.147386074066162, 3.5438101291656494, 6.485123157501221, 0.32772502303123474, 0.9746242761611938, 1.620277762413025, 4.477261066436768, 1.7311153411865234, 1.776823878288269, 0.7329683303833008, 2.4063034057617188, 51.14043045043945, 42.54531478881836, 10.903111457824707]","[86.1773681640625, 24.278892517089844, 54.59133529663086, 33.31223678588867, 59.812644958496094, 12.953208923339844, 13.823591232299805, 21.661724090576172, 7.103697776794434, 6.170170307159424, 5.772083282470703, 9.515605926513672, 8.954386711120605, 10.259800910949707, 9.159414291381836, 7.668735980987549, 11.0414400100708, 179.17942810058594, 34.05838394165039, 18.0504150390625]",49.973249197006226,"[[139   3   0]
 [  1 155   3]
 [  0   0 153]]"
51,4,1,1024,0.986784140969163,"[362.26239013671875, 18.8205623626709, 8.628714561462402, 9.81771183013916, 11.33036994934082, 75.98194885253906, 62.23906326293945, 17.176097869873047, 5.2139081954956055, 5.017146110534668, 1.3567067384719849, 2.5018463134765625, 1.6637773513793945, 0.11096275597810745, 0.11423499882221222, 0.16744591295719147, 0.251967191696167, 0.6457663774490356, 0.4364449083805084, 0.2438172698020935, 0.11194553226232529, 0.8883737325668335, 0.9823793768882751, 1.150791883468628]","[48.955902099609375, 28.009052276611328, 18.913925170898438, 18.999719619750977, 5.020102024078369, 498.82110595703125, 19.267990112304688, 14.700202941894531, 9.458030700683594, 7.006855010986328, 7.615924835205078, 7.682844161987305, 2.9975473880767822, 2.314249277114868, 2.2536346912384033, 2.1327805519104004, 5.769130229949951, 5.11831521987915, 1.9684115648269653, 1.9432764053344727, 2.717979907989502, 2.9384748935699463, 3.2522077560424805, 0.8156061172485352]",126.1431212425232,"[[141   1   0]
 [  2 154   3]
 [  0   0 153]]"
52,4,2,128,0.9493392070484582,"[93.17593383789062, 9.233607292175293, 4.699117183685303, 35.1071891784668, 62.324066162109375, 35.51734924316406, 14.838644981384277, 6.641408443450928, 5.833159923553467, 2.866682529449463, 3.093160390853882, 0.4220990538597107, 7.49956750869751, 2.6682071685791016, 1.8060449361801147, 2.975804567337036, 6.896608829498291, 10.687309265136719, 21.100473403930664, 13.767711639404297, 181.46009826660156, 47.30577850341797]","[2.690079927444458, 3.708289384841919, 29.39980697631836, 41.19584274291992, 202.64849853515625, 19.450374603271484, 24.3907470703125, 3.006988048553467, 5.266231536865234, 5.224009990692139, 4.315408229827881, 11.117118835449219, 4.932322025299072, 2.3545093536376953, 5.366408348083496, 18.13671112060547, 26.684228897094727, 16.35080909729004, 17.206035614013672, 39.509124755859375, 65.2029800415039, 70.44960021972656]",36.312782764434814,"[[129  13   0]
 [  0 149  10]
 [  0   0 153]]"
53,4,2,256,0.9669603524229075,"[119.754150390625, 11.201546669006348, 12.587699890136719, 23.11045265197754, 16.417417526245117, 10.711434364318848, 84.47071075439453, 127.96995544433594, 66.92462158203125, 18.597999572753906, 11.38990306854248, 7.768098831176758, 3.7665038108825684, 0.9212098121643066, 5.625923156738281, 2.801936149597168, 2.723203659057617, 2.9522619247436523, 10.762655258178711, 4.650665283203125, 5.483327865600586, 8.59169864654541, 10.600010871887207, 14.706624031066895]","[32.92500686645508, 14.755546569824219, 14.342130661010742, 16.776447296142578, 27.075647354125977, 127.47234344482422, 547.99072265625, 165.38426208496094, 43.75502014160156, 24.012096405029297, 15.82783031463623, 10.151960372924805, 6.704329013824463, 31.532819747924805, 33.07964324951172, 4.546334266662598, 3.9844369888305664, 39.33952331542969, 6.28313684463501, 12.166234970092773, 12.784005165100098, 16.761201858520508, 10.927833557128906, 21.057754516601562]",47.16409635543823,"[[139   3   0]
 [  5 154   0]
 [  0   7 146]]"
54,4,2,512,0.9801762114537445,"[206.989013671875, 12.336993217468262, 9.847687721252441, 7.71027946472168, 23.087127685546875, 16.452789306640625, 8.799398422241211, 6.288532257080078, 9.082947731018066, 7.1044416427612305, 6.599315166473389, 2.762237787246704, 12.373537063598633, 136.7617645263672, 49.363525390625, 19.45664405822754, 6.718524932861328, 13.406827926635742, 13.841280937194824, 3.9871933460235596, 1.3184651136398315, 0.3577888011932373, 1.013184666633606, 1.8546947240829468, 0.21188488602638245, 0.3533693552017212, 0.3599008619785309, 0.46177375316619873, 1.3036783933639526, 1.104271650314331, 0.3144107460975647, 0.508522093296051, 0.05417029932141304, 0.357990026473999, 0.4047306180000305, 1.5432536602020264, 4.160123825073242, 1.6338404417037964, 3.307565689086914, 4.702783107757568, 0.7872508764266968, 0.3396930396556854, 0.49613404273986816]","[48.40446090698242, 80.97949981689453, 4.458435535430908, 15.63194751739502, 42.318450927734375, 23.889371871948242, 21.875810623168945, 15.466009140014648, 38.89102554321289, 3.502134084701538, 2.209482192993164, 2.483369827270508, 102.88519287109375, 73.80381774902344, 93.72230529785156, 41.08732986450195, 19.274120330810547, 23.678760528564453, 12.808056831359863, 5.213302135467529, 7.664156913757324, 7.928427219390869, 11.648863792419434, 5.261663913726807, 5.280789375305176, 2.527881383895874, 2.190242290496826, 13.150938034057617, 5.995586395263672, 4.880802154541016, 5.323814868927002, 2.036283493041992, 3.9153432846069336, 5.727328777313232, 4.574408054351807, 15.541180610656738, 7.784852027893066, 12.323299407958984, 10.140438079833984, 27.593185424804688, 7.235090255737305, 8.531848907470703, 2.587573766708374]",137.30983471870422,"[[139   3   0]
 [  1 153   5]
 [  0   0 153]]"
55,4,2,1024,0.9823788546255506,"[270.1103210449219, 29.860095977783203, 15.400321960449219, 21.28076934814453, 10.562058448791504, 4.242785453796387, 6.495824337005615, 6.103334903717041, 1.5061616897583008, 2.010985851287842, 1.6580231189727783, 4.046036720275879, 77.00154113769531, 86.47494506835938, 17.574310302734375, 5.543136119842529, 3.0448899269104004, 1.074880599975586, 0.5542082190513611, 0.2910554111003876, 1.7872439622879028, 1.5461171865463257, 0.30221134424209595, 0.09899552911520004, 0.0552494116127491, 0.16060365736484528, 0.1577124297618866, 0.12803460657596588, 0.03215530514717102, 1.0756385563581716e-05, 8.931982847570907e-06, 7.839590580260847e-06, 7.1509853114548605e-06, 6.63364971842384e-06, 6.27845020062523e-06, 5.933579359407304e-06, 5.67310144106159e-06, 5.508783488039626e-06, 5.140154826221988e-06, 4.967404038325185e-06, 4.788811111211544e-06, 4.600523425324354e-06, 4.4564071686181705e-06, 4.261143203621032e-06, 4.052484655403532e-06, 3.950198788515991e-06, 3.77243463844934e-06, 3.6659898796642665e-06, 3.5396546991250943e-06, 3.3602873372728936e-06, 3.2967427614494227e-06, 3.163848759868415e-06, 2.9969542083563283e-06, 2.8786762413801625e-06, 2.848880058081704e-06, 2.7455018880573334e-06, 2.5794845441851066e-06, 2.5663380256446544e-06, 2.436881686662673e-06, 2.393503336861613e-06, 2.2671272290608613e-06, 2.1987852960592136e-06, 2.0997674710088177e-06, 2.073920541079133e-06, 1.981034984055441e-06, 1.911375193230924e-06, 1.8715051055551157e-06, 1.801190251171647e-06, 1.7238605778402416e-06, 1.6693120414856821e-06, 1.6088537222458399e-06, 1.5378750504169147e-06, 1.4960255612095352e-06, 1.4318385410660994e-06, 1.370499035147077e-06, 1.3157277862774208e-06, 1.2662158042076044e-06, 1.2167034810772748e-06, 1.1726702950909385e-06, 1.0957701306324452e-06, 1.0861305099751917e-06, 1.0423104868095834e-06, 9.978376738217776e-07, 9.555498081681435e-07, 9.375856961924001e-07, 8.736114978091791e-07, 7.967082638060674e-07, 7.877237067077658e-07, 7.728259561190498e-07, 7.421521104333806e-07, 6.869370281492593e-07, 6.518816348943801e-07, 6.376391183948726e-07, 6.16824593180354e-07, 5.515298084901588e-07, 5.467098276312754e-07, 5.340016286936589e-07, 4.857967610405467e-07, 4.79003233522235e-07, 4.6235140871431213e-07]","[40.72550582885742, 14.217769622802734, 39.95238494873047, 15.745688438415527, 30.496671676635742, 6.113004684448242, 13.65513801574707, 20.839155197143555, 11.613693237304688, 3.154383420944214, 1.7010488510131836, 3.5654218196868896, 146.16891479492188, 55.14725875854492, 36.52843475341797, 7.291594505310059, 34.442771911621094, 7.093283176422119, 4.699900150299072, 4.496859073638916, 7.530514717102051, 4.97576904296875, 3.0837080478668213, 2.5579779148101807, 2.025437831878662, 3.3726346492767334, 5.668613433837891, 3.153089761734009, 2.684420347213745, 2.6867105960845947, 2.6867434978485107, 2.687129497528076, 2.686708450317383, 2.6870715618133545, 2.6869282722473145, 2.686854600906372, 2.687103748321533, 2.685850143432617, 2.6857492923736572, 2.68536376953125, 2.68506121635437, 2.684875965118408, 2.684541702270508, 2.683920383453369, 2.6838362216949463, 2.683926820755005, 2.6832754611968994, 2.683107376098633, 2.683000087738037, 2.6828742027282715, 2.6831207275390625, 2.682278871536255, 2.682490587234497, 2.682378053665161, 2.682191848754883, 2.682068347930908, 2.6820077896118164, 2.681727647781372, 2.6819045543670654, 2.6828134059906006, 2.6814935207366943, 2.6816160678863525, 2.6815409660339355, 2.6816346645355225, 2.6820664405822754, 2.6811912059783936, 2.6822001934051514, 2.6812565326690674, 2.681436777114868, 2.6806833744049072, 2.6816282272338867, 2.681767702102661, 2.6817471981048584, 2.6816697120666504, 2.6818251609802246, 2.6820554733276367, 2.682086706161499, 2.6817803382873535, 2.68161678314209, 2.681814193725586, 2.6815836429595947, 2.682070016860962, 2.6814818382263184, 2.6807804107666016, 2.681601047515869, 2.6823370456695557, 2.6815810203552246, 2.682004928588867, 2.6834909915924072, 2.682666063308716, 2.6819753646850586, 2.6820735931396484, 2.6825649738311768, 2.6819543838500977, 2.682224988937378, 2.682253360748291, 2.6825084686279297, 2.682413101196289, 2.683013916015625, 2.682651996612549]",592.2833352088928,"[[141   1   0]
 [  2 153   4]
 [  0   1 152]]"
56,4,3,128,0.9669603524229075,"[86.91748809814453, 18.19698143005371, 12.656593322753906, 4.439858913421631, 4.290892601013184, 3.3108835220336914, 2.532484531402588, 1.314085602760315, 0.41619229316711426, 152.7034454345703, 72.21966552734375, 10.258777618408203, 20.222118377685547, 5.797381401062012, 3.573080539703369, 0.7637436389923096, 0.5766578316688538, 0.454266756772995, 0.3873521387577057, 2.834995746612549, 1.0074495077133179, 1.0989652872085571, 1.2114287614822388, 0.3890502154827118, 0.5339781045913696, 43.729515075683594, 1.258695363998413, 1.0803097486495972, 1.0755279064178467]","[11.722725868225098, 10.424114227294922, 6.4813456535339355, 3.9637033939361572, 7.426934719085693, 7.184805393218994, 14.399216651916504, 4.406689643859863, 1.2962751388549805, 110.59201049804688, 13.027758598327637, 8.770211219787598, 8.781164169311523, 16.601648330688477, 5.995755195617676, 1.3050333261489868, 4.165657043457031, 0.16776247322559357, 5.302709102630615, 4.796998977661133, 3.1862666606903076, 5.807481288909912, 1.1716887950897217, 0.18791918456554413, 0.8911131620407104, 1.4665430784225464, 1.0850000381469727, 1.0776166915893555, 1.074998140335083]",66.91388535499573,"[[140   2   0]
 [  0 146  13]
 [  0   0 153]]"
57,4,3,256,0.960352422907489,"[147.82347106933594, 28.320316314697266, 16.00282859802246, 22.761201858520508, 85.64259338378906, 49.00200653076172, 13.674572944641113, 4.573566913604736, 4.461452960968018, 4.293257236480713, 7.779543876647949, 0.7799059748649597, 2.5601236820220947, 4.652555465698242, 10.162203788757324, 1.4711469411849976, 1.930450677871704, 2.808727264404297, 0.8282734155654907, 1.591278314590454, 5.4852399826049805, 3.903827428817749]","[17.279109954833984, 11.890519142150879, 38.03999328613281, 133.2838134765625, 96.58859252929688, 43.50068283081055, 16.653148651123047, 10.246928215026855, 23.13037872314453, 11.386665344238281, 3.7008144855499268, 8.694830894470215, 20.72121238708496, 10.493003845214844, 7.379367828369141, 7.8912882804870605, 10.825690269470215, 5.742532730102539, 7.057306289672852, 9.888457298278809, 7.6079325675964355, 6.968974590301514]",60.82158374786377,"[[142   0   0]
 [ 14 142   3]
 [  0   1 152]]"
58,4,3,512,0.986784140969163,"[221.06845092773438, 14.254874229431152, 2.9385154247283936, 7.873699188232422, 7.136166095733643, 7.814082622528076, 184.19142150878906, 62.19624710083008, 9.419894218444824, 4.057750701904297, 5.624755382537842, 2.6202783584594727, 2.165644645690918, 2.436418294906616, 2.6769192218780518, 2.273294448852539, 1.8020750284194946, 1.273950457572937, 1.4943780899047852, 2.1900901794433594, 0.7398877143859863, 18.904415130615234, 48.84453201293945, 12.727361679077148, 3.784514904022217, 2.1191890239715576, 1.4342256784439087, 1.1785639524459839, 0.6179776787757874, 0.341321736574173, 0.953988254070282, 6.17164421081543, 13.586994171142578, 5.108966827392578, 5.486468315124512, 2.470686912536621, 1.465624213218689, 0.21684302389621735, 0.646770715713501, 0.019408507272601128, 1.0788548934215214e-06, 1.0146695785806514e-06, 9.574924888511305e-07, 9.062288768291182e-07, 8.591266009716492e-07, 8.181580710697745e-07, 7.79817753482348e-07, 7.434487656610145e-07, 7.101466508174781e-07, 6.772824008294265e-07, 6.490188297902932e-07, 6.216315000528994e-07, 5.962158979855303e-07, 5.714573489967734e-07, 5.480132472257537e-07, 5.254455004433112e-07, 5.03753994962608e-07, 4.831579190067714e-07, 4.634382548829308e-07, 4.4503320850708405e-07, 4.27285385740106e-07, 4.101947865819966e-07, 3.937614678761747e-07, 3.782045894240582e-07, 3.626476257068134e-07, 3.47967102243274e-07, 3.337247562740231e-07, 3.199205593773513e-07, 3.067736997763859e-07, 2.9384591471171007e-07, 2.8157541009932174e-07, 2.6974308298122196e-07, 2.5812991566454e-07, 2.467357944624382e-07, 2.3621811351404176e-07, 2.250429815831012e-07, 2.1474437517099432e-07, 2.0510312026544852e-07, 1.961191884447544e-07, 1.8735433116034983e-07, 1.7902769400279794e-07, 1.7092015980324504e-07, 1.6303175698340056e-07, 1.5536245712155505e-07, 1.4813136317570752e-07, 1.4111937218785897e-07, 1.3432652679057355e-07, 1.2797190152014082e-07, 1.2205549637656077e-07, 1.1504348407243015e-07, 1.0934618899227644e-07, 1.040871495661122e-07, 9.904721309794695e-08, 9.422642222034483e-08, 8.962472719531434e-08, 8.52421564445649e-08, 8.107870996809652e-08, 7.691526349162814e-08, 7.340920404885765e-08, 6.968399901552402e-08]","[27.077877044677734, 2.9977359771728516, 8.745380401611328, 6.264615058898926, 19.86882972717285, 12.238397598266602, 97.39876556396484, 36.004722595214844, 11.403104782104492, 11.01012897491455, 13.18094253540039, 6.693273067474365, 4.721386909484863, 7.106149196624756, 6.155439853668213, 6.956676006317139, 6.736697196960449, 8.537847518920898, 9.150703430175781, 8.32540225982666, 6.806058883666992, 36.29111862182617, 47.34090805053711, 12.338200569152832, 40.091522216796875, 20.09116554260254, 16.398677825927734, 18.201927185058594, 10.350113868713379, 7.699481010437012, 12.206832885742188, 22.64141845703125, 17.083860397338867, 4.239113807678223, 6.107941627502441, 10.826897621154785, 3.7960922718048096, 2.7320852279663086, 1.550101399421692, 1.7590322494506836, 1.762648582458496, 1.7629132270812988, 1.7632529735565186, 1.7636768817901611, 1.7637224197387695, 1.7639285326004028, 1.7641209363937378, 1.7640299797058105, 1.7644762992858887, 1.7646161317825317, 1.7649520635604858, 1.7648292779922485, 1.7649261951446533, 1.7649390697479248, 1.7649476528167725, 1.7652267217636108, 1.7653125524520874, 1.7652699947357178, 1.7652833461761475, 1.7652817964553833, 1.7652641534805298, 1.7652454376220703, 1.765202283859253, 1.7651653289794922, 1.765142560005188, 1.7650247812271118, 1.7651259899139404, 1.7648320198059082, 1.7647136449813843, 1.7645961046218872, 1.7645564079284668, 1.7644239664077759, 1.7642812728881836, 1.7641514539718628, 1.7637122869491577, 1.7640736103057861, 1.7637765407562256, 1.7636041641235352, 1.763446569442749, 1.7632826566696167, 1.7631065845489502, 1.7629241943359375, 1.7627311944961548, 1.762567162513733, 1.7624074220657349, 1.7623544931411743, 1.7620288133621216, 1.7618573904037476, 1.7621334791183472, 1.7613379955291748, 1.7612015008926392, 1.7610193490982056, 1.7608492374420166, 1.760632872581482, 1.7605047225952148, 1.7603843212127686, 1.760202169418335, 1.7600359916687012, 1.7598729133605957, 1.759566068649292]",375.6788408756256,"[[141   1   0]
 [  1 154   4]
 [  0   0 153]]"
59,4,3,1024,0.9823788546255506,"[398.47772216796875, 20.604890823364258, 18.75119400024414, 14.10867691040039, 9.204215049743652, 15.877245903015137, 31.680469512939453, 90.15937805175781, 9.448983192443848, 3.665003776550293, 1.4741228818893433, 0.5822904109954834, 1.5000280141830444, 1.2161285877227783, 2.8390660285949707, 2.128131628036499, 0.5836098790168762, 3.042060136795044, 3.2453081607818604, 0.8732757568359375, 2.2003610134124756, 2.5153234004974365]","[21.885189056396484, 141.1638641357422, 17.412206649780273, 28.551715850830078, 29.614646911621094, 22.116348266601562, 647.2704467773438, 17.00967025756836, 4.348435401916504, 7.415778160095215, 5.274219989776611, 6.477041244506836, 8.232230186462402, 3.721470594406128, 9.299820899963379, 5.05932092666626, 57.143104553222656, 6.973268508911133, 1.9610012769699097, 6.481310844421387, 5.386207103729248, 6.943449020385742]",146.59053301811218,"[[142   0   0]
 [  2 157   0]
 [  0   6 147]]"
60,4,4,128,0.9361233480176211,"[102.33782958984375, 19.22881507873535, 34.979068756103516, 24.91145896911621, 35.83558654785156, 11.828498840332031, 12.550697326660156, 4.005773544311523, 7.018771171569824, 5.824475288391113, 6.859708309173584, 7.008208274841309, 8.747417449951172, 18.650981903076172, 61.42958068847656, 78.42603302001953, 27.71318817138672, 20.30406379699707]","[9.518135070800781, 3.8304269313812256, 50.22838592529297, 7.020425796508789, 47.4686393737793, 27.13459014892578, 13.157034873962402, 38.47975540161133, 24.875802993774414, 25.24374008178711, 23.598316192626953, 49.91611862182617, 8.456085205078125, 46.072959899902344, 113.72891998291016, 37.994842529296875, 21.30173110961914, 17.219568252563477]",54.69997787475586,"[[120  22   0]
 [  1 153   5]
 [  0   1 152]]"
61,4,4,256,0.9801762114537445,"[134.7168731689453, 26.846498489379883, 11.534765243530273, 13.16064167022705, 20.108495712280273, 25.213909149169922, 20.85832405090332, 22.914085388183594, 30.995866775512695, 12.431292533874512, 6.1570515632629395, 14.250447273254395, 3.709472179412842, 3.896575450897217, 2.667419672012329, 4.533026218414307, 13.308303833007812, 28.479110717773438, 15.354606628417969, 13.301420211791992, 8.322898864746094, 3.257385015487671, 2.206577777862549, 1.9722065925598145, 1.5205578804016113, 0.8910343050956726, 0.8368985652923584, 1.448072910308838, 1.4432215690612793, 2.588623523712158, 0.5897052884101868, 1.971297264099121, 0.7409946918487549, 1.802312970161438, 1.0317943096160889, 14.911758422851562, 16.72119903564453, 131.74029541015625, 87.11617279052734, 6.235199928283691, 6.053090572357178]","[69.82696533203125, 23.356809616088867, 19.162500381469727, 13.892782211303711, 10.253057479858398, 24.155696868896484, 32.648040771484375, 66.56661987304688, 36.1630744934082, 9.080517768859863, 14.301873207092285, 9.306670188903809, 12.263069152832031, 6.404723644256592, 32.49956130981445, 16.737897872924805, 69.06232452392578, 30.196088790893555, 37.234474182128906, 22.502155303955078, 13.333807945251465, 2.6375250816345215, 1.6898220777511597, 4.186500072479248, 6.846546173095703, 3.220304489135742, 9.163223266601562, 7.576441287994385, 5.200723171234131, 11.900399208068848, 5.719194412231445, 7.21360969543457, 12.585051536560059, 12.373291969299316, 2.945763111114502, 14.724418640136719, 15.18571949005127, 2420.203125, 45.73461151123047, 9.240175247192383, 5.880153656005859]",135.99014019966125,"[[138   4   0]
 [  1 154   4]
 [  0   0 153]]"
62,4,4,512,0.9801762114537445,"[245.6124267578125, 25.331605911254883, 11.236995697021484, 4.837218284606934, 6.764537334442139, 146.17477416992188, 195.08114624023438, 42.61040115356445, 38.13921356201172, 4.971797943115234, 2.718559503555298, 5.836001396179199, 2.992988348007202, 1.9475631713867188, 1.2317947149276733, 0.20249690115451813, 3.6999252188252285e-05, 1.323105948358716e-06, 1.1702526307999506e-06, 1.0452013157191686e-06, 9.326258236797003e-07, 8.423853046224394e-07, 7.624354907420638e-07, 6.945302288841049e-07, 6.336323963296309e-07, 5.80399841965118e-07, 5.335189143806929e-07, 4.912374151899712e-07, 4.537747884114651e-07, 4.1915950532711577e-07, 3.8804901691946725e-07, 3.604434368753573e-07, 3.2845559871930163e-07, 3.0610758017246553e-07, 2.8595027856681554e-07, 2.6732649871519243e-07, 2.50674503377013e-07, 2.353369978891351e-07, 2.206567017992711e-07, 2.0729093819227273e-07, 1.9502066095355985e-07, 1.8362676712513348e-07, 1.728901111164305e-07, 1.6368724686799396e-07, 1.5316960855216166e-07, 1.4484311350315693e-07, 1.3673570720129646e-07, 1.2906649260457925e-07, 1.2205461530356843e-07, 1.1548095102398293e-07, 1.0934551397667747e-07, 1.0342917988737099e-07, 9.817021862090769e-08, 9.269208334217183e-08, 8.765220371742544e-08, 8.32696827046675e-08, 7.910628596619063e-08, 7.494287501685903e-08, 7.12177055106622e-08, 6.749253600446536e-08, 6.398648366712223e-08, 6.069956270948751e-08, 5.763175181527913e-08, 5.478307230077917e-08, 5.193438568085185e-08, 4.930482333520558e-08, 4.689439592198141e-08, 4.4483961403329886e-08, 4.2292654711673094e-08, 4.0101344467302624e-08, 3.812916204992689e-08, 3.6156983185264835e-08, 3.462305997459225e-08, 3.287000893692493e-08, 3.1116950793830256e-08, 2.9583027583157673e-08, 2.804909904341457e-08, 2.7391701351575648e-08, 2.5419511828772556e-08, 2.410471644509471e-08, 2.2789919285060023e-08, 2.169425350473375e-08, 2.059858772440748e-08, 1.972205865286014e-08, 1.862639109617703e-08, 1.753072353949392e-08, 1.6654190915232903e-08, 1.599679144703714e-08, 1.5120257046419283e-08, 1.4243721757623007e-08, 1.3586319624891985e-08, 1.2928920156696222e-08, 1.227151891214362e-08, 1.1833251711834691e-08, 1.117584957910367e-08, 1.0518448334551067e-08, 1.0080180246063719e-08, 9.422778113332697e-09, 8.984510024845349e-09, 8.327107892114327e-09]","[11.64901351928711, 11.670063972473145, 9.450065612792969, 6.197017669677734, 15.024802207946777, 97.44171142578125, 82.35943603515625, 206.1300811767578, 35.74536895751953, 8.329569816589355, 8.499913215637207, 8.729630470275879, 13.343079566955566, 5.6027302742004395, 5.357245445251465, 4.804741859436035, 4.787672996520996, 4.786692142486572, 4.786382675170898, 4.785627365112305, 4.78516149520874, 4.784704208374023, 4.784274101257324, 4.783866882324219, 4.783474922180176, 4.783106803894043, 4.782755374908447, 4.782427787780762, 4.782209396362305, 4.781900882720947, 4.781533718109131, 4.781498908996582, 4.780977249145508, 4.780743598937988, 4.780502796173096, 4.780294895172119, 4.780099391937256, 4.779906272888184, 4.779726505279541, 4.779545307159424, 4.779372692108154, 4.779209613800049, 4.779050827026367, 4.778862476348877, 4.7787017822265625, 4.778541088104248, 4.778387546539307, 4.778227806091309, 4.778074264526367, 4.777919769287109, 4.777766227722168, 4.777606964111328, 4.777449131011963, 4.777278900146484, 4.7771220207214355, 4.776961803436279, 4.776803493499756, 4.776638507843018, 4.776468753814697, 4.776307106018066, 4.776134967803955, 4.775974750518799, 4.7758097648620605, 4.775630950927734, 4.775468349456787, 4.775297164916992, 4.775129795074463, 4.774954795837402, 4.774799346923828, 4.774642467498779, 4.7744832038879395, 4.774319648742676, 4.7741546630859375, 4.773993968963623, 4.773919582366943, 4.773664474487305, 4.773631572723389, 4.773280620574951, 4.773126125335693, 4.772955417633057, 4.772803783416748, 4.772733688354492, 4.772465229034424, 4.772307872772217, 4.772148609161377, 4.771993160247803, 4.771832466125488, 4.7716450691223145, 4.771524906158447, 4.771369457244873, 4.771276950836182, 4.771030902862549, 4.7708740234375, 4.7707200050354, 4.770553112030029, 4.770360946655273, 4.770204544067383, 4.770023345947266, 4.769864082336426, 4.769702911376953]",445.46785283088684,"[[140   2   0]
 [  2 152   5]
 [  0   0 153]]"
63,4,4,1024,0.9801762114537445,"[369.0414733886719, 10.235098838806152, 18.679946899414062, 20.318201065063477, 16.202823638916016, 13.376466751098633, 4.925105094909668, 1.0789095163345337, 6.629290580749512, 104.00054931640625, 231.3065185546875, 51.470726013183594, 7.968260765075684, 2.7327427864074707, 0.6662968993186951, 0.6458185315132141, 1.33836030960083, 1.0540661811828613, 2.6457409858703613, 8.697405815124512, 4.005870819091797, 0.9212662577629089, 1.4280641078948975, 0.40486153960227966, 0.7410931587219238, 0.46247896552085876, 0.21573789417743683, 0.19646883010864258, 0.20561015605926514, 0.24155889451503754, 0.3929780423641205, 0.08762084692716599, 0.10417765378952026, 0.1419835090637207, 0.5256085991859436, 1.7348713874816895, 7.553686618804932, 14.02173900604248, 14.528264999389648, 3.191114664077759, 0.9343708157539368, 2.197810173034668]","[19.741052627563477, 9.63354206085205, 27.322860717773438, 13.801502227783203, 14.074934005737305, 28.505666732788086, 4.361860275268555, 5.588984489440918, 57.71185302734375, 737.7630004882812, 178.30938720703125, 32.75120162963867, 15.159893989562988, 19.66933822631836, 8.707669258117676, 17.8511905670166, 10.836616516113281, 17.442947387695312, 47.66522216796875, 28.8883113861084, 9.716732025146484, 5.319247245788574, 5.434258937835693, 5.372557163238525, 3.025181293487549, 1.502384901046753, 2.9957947731018066, 1.6537506580352783, 2.4191811084747314, 2.776872158050537, 3.047168016433716, 2.365365505218506, 3.471208333969116, 4.853250980377197, 5.148871421813965, 29.04750633239746, 14.469435691833496, 19.01767921447754, 5.570410251617432, 6.96573543548584, 0.9966042637825012, 14.623781204223633]",305.8913240432739,"[[140   2   0]
 [  1 152   6]
 [  0   0 153]]"
