,14,21,28,35,42,49,56,63,70,77,84,91,98,105,112,119,126,133,140,147,154,161,168,175,182,189,196,203,210,217,224,231,238,245,252,259,266,273,280,287,294,301,308,315,322,329,336,343,350,357,364,371,378,385,392,399,406,413,420,427,434,441,448,455
14,0.0036772623665253,0.0038347538113454,0.0038220086520604,0.0038073646929861,0.0038610812242252,0.0039133751367945,0.0038437053550117,0.0036326019956225,0.0034595285995336,0.003573623173372,0.0039761798300237,0.0044274534456938,0.0047049401661216,0.0046877056611612,0.0043555547188563,0.0038303411448922,0.0034211302704439,0.0034900412580331,0.0040903323004137,0.0050211098061721,0.006167980231819,0.0075235030449679,0.0090596599760222,0.0106631438276047,0.0121537298540011,0.0133540229862356,0.0141734898800524,0.0146663160642204,0.0150290987825969,0.0155028237771472,0.0162181569875451,0.017097514705075,0.0178896385439219,0.0182895434540142,0.0180418843869407,0.0170007301094907,0.0151571071200814,0.0126326184287503,0.0096560326243426,0.0065175160936508,0.0035740204691161,0.0018181831112169,0.00311905279054,0.0052372820862645,0.0073078641504426,0.0092833874481564,0.0111638541440892,0.0129038832042281,0.0144222202284131,0.0156184968282098,0.0164077535032471,0.0167304498352577,0.016570131229935,0.0159463624640578,0.0149239869399513,0.0136056378327939,0.0121403522685553,0.0107104507828613,0.0095140308610692,0.0087145077965382,0.0083709714618775,0.0084030288021313,0.0086338249019901,0.0088879880076181
21,0.0039143374662931,0.0040730830113629,0.0040590560025797,0.0040912361434565,0.0041928498068279,0.0042056644960177,0.0039629152194311,0.0035094363562942,0.0032456526770765,0.0035720116782123,0.0042499715245567,0.0048084625160273,0.0050044417711775,0.0047980319284186,0.0043040600344339,0.0038068033808037,0.0036620172513832,0.0039597897394288,0.0045017497673189,0.0052054549411239,0.0061993171318569,0.0076040187328304,0.0093555266559399,0.0112328465651834,0.0129676892371955,0.014339672822585,0.0152537110512288,0.0157811332307251,0.0161397104444193,0.0165852805833281,0.0172539326331861,0.0180694910595792,0.0187805821622097,0.0190801312125994,0.0187111430794893,0.0175263943429201,0.0155185910625802,0.012814047296053,0.0096484617756143,0.0063177393322098,0.0031655579862544,0.0013642494625133,0.0031812450114698,0.0054272904780389,0.0075278694673366,0.0095156225579461,0.0114188471997531,0.0131958469654093,0.0147551292827621,0.0159802489389115,0.016775627093782,0.0170807536220075,0.0168932259422015,0.0162561754281938,0.0152654909515161,0.0140495254992657,0.0127710694414366,0.0115948531978974,0.0106606243658596,0.0100348391500705,0.0096980604808971,0.0095647837866329,0.0095276028329129,0.0094958921211358
28,0.0040938703384496,0.0042615804257255,0.0043047362079732,0.0043975755153985,0.0044785460409221,0.0043568148060006,0.0039079027362705,0.0033167390963165,0.0031924975068196,0.0038142254684086,0.004617459340142,0.005108869850483,0.0051501477667241,0.0048277965929079,0.0043822676228445,0.0041290944371326,0.004209566814706,0.0044589554798106,0.0047304074088643,0.0051850781623966,0.0061568837799392,0.007756705618591,0.0097745044746505,0.0118839744765084,0.0137849873927063,0.0152634557761419,0.0162384846389154,0.0167870634829901,0.0171209169660445,0.0174930958908044,0.018056488451265,0.0187699159808001,0.0194133851580525,0.0196895808522006,0.019331972979771,0.0181720506189499,0.0161795711442945,0.0134629325381152,0.0102473889289036,0.0068227623115595,0.0034884369262796,0.0008239008041376,0.0025595100949819,0.0049041783625751,0.0070590398190245,0.0091068058866564,0.0110966476942381,0.0129898616741585,0.014685568634313,0.0160550970670247,0.0169949717004517,0.0174453137059231,0.0174129019884545,0.0169534834379994,0.0161712152170555,0.0151880102965421,0.0141384178268678,0.0131346026255301,0.0122548284224539,0.011522211133427,0.010925602060718,0.0104376516918406,0.0100380436007331,0.0097128911016486
35,0.0042224321598296,0.0044764342276441,0.0046186558022079,0.004715744839811,0.0046757324816205,0.004368386540582,0.0037834836858303,0.0032627170898279,0.0034189484547514,0.0041838936707982,0.0049199124601099,0.00527909809119,0.005253626637979,0.0050201890065922,0.0048142854223325,0.0047720284932,0.0048141444731578,0.0047863293980195,0.004745521306054,0.0050826496413026,0.0061926390086243,0.0080202427036988,0.0102252079663088,0.0124683519834203,0.0144781778014499,0.0160599369008024,0.0171246019442638,0.0177189625684697,0.0180257139770292,0.0183051707098391,0.0187675512585207,0.0194480629011935,0.0201714304475626,0.0206302686105283,0.0205113568782198,0.0195880379934643,0.0177799412314377,0.0151645056969793,0.0119578622975739,0.0084611925291513,0.0049904856723292,0.0018602018563134,0.0014461641973985,0.003828357004728,0.0061144038167204,0.0083290177201085,0.0105261764229808,0.0126655425344778,0.0146347856842673,0.0162924997988307,0.0175238059264198,0.0182624184434062,0.0185098545498886,0.018315054567653,0.0177661139749335,0.0169583994328954,0.0159902061425327,0.014939712966234,0.013868555202675,0.0128134512362017,0.0118113109721633,0.0109060866948691,0.0101595638900046,0.009622626234336
42,0.0043973186904128,0.0048161447582609,0.0050212906705447,0.0050178538155391,0.0047910292659634,0.004344755888792,0.0037981910970312,0.0035162756032882,0.0038306279969503,0.0044983542836502,0.0050832334045782,0.0054102543442175,0.0055300079856287,0.005559500026865,0.0055577583081378,0.0054805909318218,0.0052456105373796,0.0048782225627169,0.0046575686432213,0.0050719710587269,0.0063564892356837,0.0082924226761907,0.0105590722588329,0.0128875103808992,0.0150394382724188,0.0168008482084214,0.0180255624966382,0.0187006152322299,0.0189875013409827,0.0191954399168791,0.0196409741479626,0.0204538075476894,0.0214750180878211,0.0223335221685278,0.0226223980425021,0.0220320919960603,0.0204282592145403,0.0178679650672058,0.0145758152248776,0.0108831770888078,0.0071428487622443,0.0036567888261759,0.0009244590967857,0.0025736513409868,0.0051086434558651,0.0076233117852176,0.0101535639793569,0.0126524063099883,0.0149943196472379,0.0170231634529023,0.0186075074770188,0.0196662124619082,0.0201839176973734,0.0201927035095211,0.0197597110372409,0.0189611449739576,0.017879581898996,0.0165920403050962,0.0151766604794681,0.0137086671932657,0.0122805313180256,0.0110041607186765,0.0100122417942988,0.0094026457621424
49,0.0047442174972195,0.0053173192060517,0.0054786379590187,0.0052922832241175,0.0049072279815745,0.0044735250084772,0.0041329463571848,0.0040321883805153,0.0042331365521874,0.0046521448704853,0.0051638639119129,0.005676467927337,0.0061102289844713,0.0063683633586298,0.0063500684858919,0.0060049152221142,0.0054092421799019,0.0048236749725567,0.0046610174869112,0.0052404381276351,0.0065505389626522,0.0084234129958263,0.0106977621020585,0.0131764928814074,0.015590754565895,0.0176387721418807,0.0190807742464109,0.0198515274595378,0.0201319754880027,0.0203270276226626,0.0208796653314716,0.0219851660896434,0.0234417644056133,0.024769824705925,0.0254578648912832,0.0251281702569033,0.0236164758206423,0.0209830851385497,0.0174791577006712,0.0134772168763369,0.0093755556187931,0.0055124394343787,0.0022028355219064,0.0018602430734299,0.0045298519671328,0.0073694541917317,0.0102564675030239,0.013122125668238,0.0158253881947534,0.0181944665462692,0.0200789942302968,0.0213800475354234,0.0220633779684963,0.0221467979320299,0.0216851233020902,0.0207515956045915,0.0194325762163103,0.0178239966469919,0.0160332429339637,0.0141796294631826,0.0124060876372761,0.0108827433002834,0.0097941464451704,0.0092537712309188
56,0.0052894124266553,0.0059124963171156,0.0059309361607811,0.0055666997781814,0.0051536092362794,0.0048946106233433,0.0047582865983983,0.0046136539612603,0.0044908291980979,0.0046629565392872,0.0053011012996336,0.0061709187054914,0.006888523189728,0.0071798521230414,0.0069341647032513,0.0062308078580456,0.0053755649574005,0.0048304679214872,0.0048970529005475,0.0055149595204639,0.0066229053951353,0.0083377627376828,0.0106947474207742,0.0134744412961835,0.0162760350089778,0.0186670495428785,0.0203281953873861,0.0211850824741346,0.0214797466641446,0.0217255105650459,0.0224620824484313,0.0238955364968267,0.0257475515287966,0.0274401878355826,0.0283910496945176,0.0281880186633906,0.0266596905853814,0.023879865460127,0.0201263579823761,0.015805950713075,0.0113559557228055,0.0071569859155325,0.0035756488448934,0.0021933148868931,0.0045131972666535,0.0075427354805607,0.0106927476038708,0.0138329430090828,0.0168009963749963,0.0194095893741028,0.0214904137781075,0.0229282939987403,0.0236731561554465,0.0237345107944096,0.0231636046255633,0.0220416046739608,0.0204684945385371,0.0185662778687102,0.0164725180396602,0.0143465275399895,0.0123701904318879,0.0107541150366909,0.0097031392729195,0.0093053571446733
63,0.005908514716805,0.0064744284279848,0.0063338850307649,0.0058960548134301,0.0056082287008261,0.0055596190806137,0.005472028547375,0.0050867103217284,0.0045795955572695,0.0046430144136359,0.0055856489847333,0.0067883334003139,0.0076074204463492,0.0077444373529041,0.0071919587937606,0.0062206690547304,0.0053614213245167,0.0050936611787184,0.0053292939663703,0.0057421227022983,0.0064879770470755,0.0080860181781438,0.0106865209849288,0.0138904012180754,0.0171085584471517,0.0198085504316911,0.021646339546897,0.0225780164947164,0.0229113947122219,0.0232315670506149,0.0241186009339764,0.0257626259675554,0.0278370585396617,0.0297199170482372,0.0308003491395064,0.0306520291906799,0.0290973234853993,0.0262108066246448,0.0222775409916233,0.0177175297754217,0.0129900815024053,0.008506069408384,0.0046692052658075,0.0027553188319688,0.0046372057567612,0.0077328176467512,0.0110311097137852,0.0143317406921036,0.0174562819873299,0.0202075856307118,0.0224037105196999,0.0239161323331305,0.024681865737525,0.0247050843870846,0.0240372630845453,0.0227707263762062,0.0210209414598419,0.0189344560618921,0.0166733845863488,0.014426034091944,0.0123954660236095,0.0108053066838581,0.0098439385429798,0.0095524965502799
70,0.0064087533898872,0.0068913207492121,0.0066803889967064,0.0063167560590077,0.0062179686596173,0.006275203089985,0.0060718029990002,0.0053767844644006,0.0045766057883826,0.0047082602365203,0.0059517764402699,0.0072998108580309,0.0080392779851438,0.0079562981485464,0.0071916108275519,0.0062012192456201,0.0056073302051108,0.0056201626648003,0.0057890954495224,0.0058106340875716,0.0061775925549648,0.0078012010096957,0.0107594922974695,0.0143713097898105,0.0179160952630264,0.020838925193892,0.0228152481378851,0.0238317054537932,0.024220318733258,0.0245747586282793,0.0254782779717538,0.0271356335340776,0.0292449414414373,0.0311991341353026,0.0323803058688517,0.0323401559897822,0.0308707305905045,0.0280165101372042,0.0240406467415821,0.0193540181055883,0.0144246780164103,0.0096848817692192,0.0055454246576663,0.0030426497195262,0.004431934026318,0.007522289088428,0.0108801406353305,0.0142520684926287,0.0174595293726332,0.0203045306861741,0.022595933120207,0.0241922765121198,0.0250171111336387,0.0250671060622634,0.0243924527667189,0.0230933135774059,0.0212972582636254,0.0191678550453295,0.016881947369461,0.0146405567621531,0.0126464291955815,0.0111092595591133,0.0101837323450827,0.0098835375719029
77,0.0066374477191622,0.0071182837543475,0.0069939773542562,0.006805186819006,0.0068324977569118,0.0068474853718842,0.0064504069046927,0.0055177576686988,0.0046112775730692,0.0048734522843818,0.0062197164255243,0.0075080643155821,0.0081010023543487,0.0079011771133791,0.0071745452830605,0.0064451807347343,0.0061703009733277,0.0062274679444196,0.0061117840599323,0.0057081545186914,0.0058173485483798,0.0075861505738091,0.0108453478236994,0.0147073009920288,0.0184391820236536,0.0215179481689461,0.0236373166510725,0.0247708641895574,0.0252097990884002,0.0255068113951944,0.0262583540658349,0.0277588046136384,0.0298112131506095,0.0318562428514478,0.0332543728552826,0.0334972854759674,0.0323052155176018,0.0296576379680898,0.0257735131510315,0.0210465674978951,0.0159571859050051,0.0109672321274775,0.0064872919592609,0.003237974286683,0.0037387525953578,0.0067245364837799,0.0100777638161146,0.0134737364791612,0.0167455914913723,0.0196987948842077,0.0221323732726782,0.0238870533401985,0.0248678262707084,0.0250572931681187,0.0244991992624218,0.0232947244121999,0.0215772696209421,0.0195175911899904,0.0172962415442435,0.015111496413304,0.0131512376300854,0.011602361091881,0.0105989513487201,0.0101667372355056
84,0.0065496132987187,0.0071936316876127,0.0073030832276604,0.0072831067486728,0.0073021569282235,0.0071732931500493,0.0066205075741894,0.0056282308523697,0.0047819583660248,0.0050401795634389,0.0062243864544717,0.007349802192409,0.0078970228451117,0.0078358940686329,0.0074298976022049,0.0070496062462701,0.0068738482001958,0.0067004201023944,0.0062177839952907,0.0055173870398225,0.0055498374065883,0.0074215840007518,0.0107576096899731,0.0146683923274316,0.0184877060463475,0.0217203839300845,0.0240314822160527,0.0253172204622551,0.0257763733301835,0.0259135861442139,0.0263910938612407,0.0276790868880954,0.0297389428691986,0.0320445672289683,0.0338801481641682,0.0346218065640003,0.0338809845662285,0.0315559077334376,0.0278230622016377,0.0230733583687141,0.0178200829683535,0.0125766343692854,0.0077774496679778,0.0038740199629512,0.0028138148011204,0.0054310154039659,0.0087336793347814,0.0121566697216753,0.0155329508432567,0.0186636027498187,0.0213293187976527,0.0233438586945428,0.0245864623104331,0.0250187896130013,0.0246730967010726,0.0236456978934037,0.0220707127428642,0.0201187946657676,0.0179677447831867,0.0158067555785237,0.0138091064922426,0.0121488138500396,0.0109637474951416,0.0103204871473336
91,0.0062350894082106,0.0072187234356746,0.0076164093997112,0.0076648277191827,0.0075520738200349,0.0072704098978658,0.0067005473779586,0.0058462657461005,0.0050890780420052,0.0050862623882227,0.0059072113945344,0.0069310277425394,0.0076887533970193,0.0080475284044438,0.0080636362174379,0.007849846459182,0.0074719414215025,0.0069071706317328,0.0061322102604333,0.0053755847485239,0.0054476401046702,0.0071928141409968,0.0103288708725604,0.0141474659694374,0.0180447000755986,0.0214925389795644,0.024057915806039,0.0255106666633856,0.0259483857123153,0.0258636652542687,0.0260510033980011,0.0272161045050227,0.0294764451314461,0.0322713811056507,0.0347376146407448,0.0361001980695788,0.0358602666183357,0.0338525667462069,0.0302361450771806,0.0254241106713137,0.0199826022449536,0.0144919261194098,0.0094346172520541,0.0051570794630945,0.0025226086693303,0.00402076399672,0.0072036169743037,0.0106916094979165,0.0142429362272926,0.0176308053767802,0.0206051926125365,0.0229458318235287,0.0245030131581624,0.0252155132271393,0.025103432113627,0.0242568245485599,0.0228095986223449,0.0209306335860735,0.0187954875832172,0.0165870593227252,0.0144731778520579,0.0126286356177136,0.0112111854013577,0.0103383834868527
98,0.0058982521724645,0.0073024125595909,0.0079189209994903,0.0079079218700658,0.007611677176987,0.0072644579334656,0.0068517385669317,0.0062354367628458,0.0054493473086165,0.0049506282611554,0.0053443961458948,0.0064944258230164,0.0077444560688309,0.0086193452903253,0.0089028225110827,0.008576731133719,0.0077963857033467,0.0068369943570266,0.0059708249741672,0.0054042349566415,0.0054863399727196,0.006802453899147,0.0095233339054221,0.0132230072542125,0.0172728900725328,0.0210166225090142,0.0238712646451273,0.0254784401645038,0.0258703740769318,0.0255791442656854,0.0255714700696095,0.0267863024897314,0.0294317761590865,0.0328321874207988,0.0359490796647009,0.0378776461553416,0.0380468584283672,0.0362633819952934,0.0326935709280245,0.0277854475372686,0.0221591868392952,0.0164565579616456,0.0112083351835146,0.0067448939609087,0.0034202372881416,0.0031648369911743,0.0059866313331873,0.0095412238831906,0.0132971690807993,0.0169613834520511,0.0202448209044736,0.0228939686074461,0.0247337748526988,0.0256840995297398,0.0257560998569163,0.0250356680338653,0.0236581076100418,0.0217920126982472,0.0196139091796939,0.0173053072501756,0.0150366058076978,0.0129907969329289,0.0113502006894826,0.010279735484135
105,0.0057561365748448,0.0074945630252124,0.0081900475177525,0.0080398002678339,0.0076013536376833,0.0073242552497892,0.0071710530677417,0.006738302713895,0.005763508595265,0.0046611275328218,0.0047234706800245,0.0062841128560998,0.0081150875422229,0.009352865524821,0.0096543701593928,0.0090276435790031,0.0078097756580784,0.0065964993347744,0.0058895501911877,0.0056340142322688,0.0055945607312055,0.0062535026171232,0.0084647033423221,0.0121244021403961,0.0164245984232485,0.0205016916993304,0.0236300581199427,0.0253699019795908,0.0257383772667155,0.0253325369549431,0.0252679583821824,0.0266417534892897,0.0296749073878604,0.0335669246302487,0.037156512491193,0.0394693869660381,0.0399043991024556,0.0382611811770734,0.0347163300620033,0.0297419348555196,0.0239923907182663,0.01814834027872,0.0127725453263997,0.0082020252312552,0.0046549653498867,0.0032705484315723,0.0054126801725317,0.0089408191051586,0.0128406228715694,0.0167112933163028,0.0202228057693014,0.0230943937028831,0.0251322096247379,0.0262422687344598,0.0264299700010222,0.0257784624640532,0.0244250628955466,0.0225384393000982,0.0202975126498064,0.0178845672739054,0.0154757512681566,0.0132631352211094,0.0114505748687978,0.0102391191052131
112,0.005873165697185,0.0077605137390703,0.0084266495697992,0.0081489776946905,0.0076723786610394,0.0075547145616926,0.0076187871833601,0.0072246200752973,0.0059698438882999,0.0043216861610414,0.0042616984571333,0.0063460714352299,0.0085854468942931,0.0099426441392585,0.0100927459453916,0.0091384118027004,0.0076075380341789,0.0063706877416216,0.0059930872455356,0.0059873914765411,0.0057102028917659,0.0056543606089616,0.0073863822694815,0.011113973333449,0.0156943850300383,0.020062109191336,0.0234149647782705,0.0252896442250873,0.0257113641941533,0.0253113043215483,0.0252606759180298,0.0267116271058045,0.0298947540883367,0.0339802009571909,0.0377769148454267,0.0402901498650589,0.0409028369822987,0.0393997568410757,0.0359459320454417,0.0310080466247867,0.0252433869696725,0.0193443705744221,0.0138898220253691,0.0092310701694512,0.0055596436405488,0.0036936161636865,0.0052665601383881,0.008695211156159,0.0126462551398829,0.0166207171595424,0.02025884799715,0.0232620454229904,0.025423826275083,0.0266394734285474,0.0269090740074967,0.0263116234984692,0.0249842141040999,0.0230933443677964,0.0208189270159982,0.0183430327332634,0.0158469363125375,0.0135288743951296,0.0116072687365072,0.0103051371759283
119,0.0061079019739684,0.0080183622487872,0.0086511210309203,0.0083397367046129,0.0079163490992304,0.0079252622958039,0.0080572131990831,0.007576671687925,0.0060690064572916,0.0040809070943047,0.0040694314974394,0.0064897087971607,0.0088644610120862,0.0101700839238968,0.0101472746032336,0.0089954996391515,0.0073876499086044,0.0063354839260929,0.00626031828628,0.0063359015513873,0.0058013216728868,0.0051707084474046,0.0065314614877171,0.0103410490621611,0.0151115752083776,0.0196706057794399,0.0232094282647958,0.0252658617703477,0.0258471504314853,0.0255359850815501,0.0254383473116015,0.0266998253476676,0.0296555880783406,0.0335970356502643,0.0373823919703374,0.0400076327080326,0.0408194103433452,0.0395541573980581,0.03632751679809,0.0315647930204464,0.0258967619784361,0.0200092641600511,0.0144930462325405,0.0097249447751808,0.0059059997245851,0.0037504820901895,0.0050367323615378,0.0083983293668243,0.012344642572095,0.0163478477892319,0.0200454459169628,0.0231328935331422,0.0253953889043103,0.0267173134811231,0.0270902667530278,0.0265846303677265,0.0253323399477196,0.0234935715304506,0.0212460283320676,0.0187692139287071,0.0162472578105457,0.0138805880551581,0.0118946757139793,0.0105225179889639
126,0.0062512920073717,0.0081980382535807,0.0088975365651967,0.0086698918379753,0.0083100230103228,0.0083078599328666,0.0083509980497839,0.0077485407301979,0.0061305455668023,0.0040826065565489,0.0040803042680612,0.0064725762344294,0.0087701800161461,0.0099899370816659,0.0099197983020307,0.008810737107634,0.0073720936886399,0.0065501108520359,0.0065696528157868,0.0065740080482834,0.0058756048136664,0.004963707331575,0.0060483243048531,0.0097824221175454,0.0145673015184049,0.0192212472667223,0.0229502140378577,0.0252691930263043,0.0261033074446266,0.0258929041944509,0.025590726306814,0.0263357305934764,0.0287030519903522,0.0322542089257181,0.0359420245323941,0.0387238787258977,0.0398598907759853,0.0389895838489933,0.0361397073604472,0.0316665975878299,0.0261604077370888,0.0202998131163731,0.0146987185393074,0.0097761065224981,0.0057488462207141,0.0032542786622442,0.0044255689609761,0.0077877334527521,0.0117030700612598,0.0156977749618711,0.0194349700451904,0.0226122645376859,0.0250057255261063,0.0264841218285693,0.0270238005390386,0.026679780314844,0.0255727068630131,0.0238521615356391,0.021690696348746,0.0192637404459023,0.0167567083466072,0.0143696933175485,0.0123305411613839,0.0108765557117442
133,0.0061723547523062,0.0082753401577665,0.0091853378750505,0.009116160097827,0.008747798520966,0.0085760545759856,0.0084411815531487,0.0077855314750252,0.0062724333840381,0.0043925361511552,0.0041605869715616,0.0061651011923643,0.0082970085312335,0.0095385469245394,0.0096511347677583,0.0088366399497417,0.0076821449213657,0.0069319101862576,0.0067937434271243,0.0066662649857212,0.0059908653462059,0.0051328094027689,0.0059540455966739,0.0093315389138075,0.013944447819799,0.0186399198116616,0.0226014378044999,0.0252617655070917,0.0263956183388459,0.0262430735304114,0.0255777744375823,0.0255609492283499,0.0271166111656914,0.0301956414659188,0.0338554866336097,0.0369479975485251,0.0385788377369372,0.0382458049998971,0.0358641814212292,0.0317165923300946,0.0263609125477282,0.0204858698536126,0.0147502835933148,0.0096345269134776,0.0053679399204743,0.0023758254348355,0.0034635043345279,0.0068639274471269,0.0107233161033294,0.0146986280480681,0.0184927497557122,0.0218030360213858,0.0243884986612687,0.0260934762314386,0.0268704893907885,0.0267526872585626,0.0258447723481199,0.0242839056209169,0.0222370710994113,0.0198768033029351,0.0173904210534731,0.0149782036186544,0.0128698675313618,0.0113074229887853
140,0.0058628890860607,0.0082696291345896,0.0095006217338433,0.009595105047786,0.0091205281259001,0.0086751874497634,0.0083668918579352,0.0078026241460473,0.0065959407755757,0.0049529850177199,0.0042345286196088,0.0055885700102258,0.0076041056345903,0.0090815332593026,0.0096121108432544,0.0092176938802239,0.0082635398054604,0.0073421360892361,0.0068716782435245,0.0066594651585092,0.0062334596652729,0.0056634298669859,0.006178383753291,0.0089275743300861,0.0132254580338443,0.0179547956410935,0.0221981773604342,0.0252396049015518,0.0266659256792524,0.0265169440305933,0.0254143710251515,0.0245665058024993,0.0252897528356612,0.0279894501444136,0.0317986265764796,0.035375743739957,0.0376168421890667,0.0378644840368495,0.0359325871922425,0.0320510015832893,0.0267693181338438,0.0208091815975504,0.0148942753576615,0.0095845999029054,0.0051439021433531,0.0016374770637978,0.0024263368434551,0.00582512818343,0.0095943911703454,0.0135580479054985,0.0174465759343506,0.0209427224675475,0.0237759523346579,0.0257573181092652,0.0268094432942753,0.0269410934230108,0.0262407296352024,0.0248355120278375,0.0228898139561327,0.0205770227139069,0.0180890344111835,0.0156288023454565,0.0134297619928972,0.0117409346283633
147,0.0054125531687051,0.0082182492389928,0.0097996555379077,0.0100154968934277,0.0093722918635526,0.008639752293939,0.0082426674100798,0.0079202375422511,0.0071059085062864,0.0056205014498135,0.0042891738762359,0.0048811099719171,0.0069510375914242,0.008882371928456,0.0099314074260203,0.0098894997768853,0.0089471353485393,0.0076784765507203,0.0068283311555978,0.0066527368398833,0.0066425458005987,0.006413115746814,0.0066011098787083,0.0085921934423816,0.0125103588839974,0.0172941038789531,0.0218402447813494,0.0252448712896823,0.0269185874630401,0.0267489738418669,0.0252607215615994,0.0237191053788321,0.0237935624076852,0.026313231964977,0.030426455263875,0.0345460753320348,0.0373622465814091,0.0380946595040036,0.0364914364841545,0.0327591301746441,0.0274593518738213,0.0213577124864225,0.0152471096209032,0.0097733797546884,0.0052756477027016,0.0017313256646154,0.0017268133798978,0.0049382260076934,0.0085909285866325,0.012565987379332,0.0165834875119728,0.020293667215113,0.0233877758455818,0.0256411170215989,0.0269471316095887,0.0272937617594224,0.0267578233416208,0.0254620641198661,0.0235730311411348,0.0212692448897037,0.0187497716303854,0.0162223704354686,0.0139255003886714,0.012115868531307
154,0.0049506521493598,0.0081479555297865,0.0100314039762545,0.0103220834829483,0.0095166474466496,0.0085716247557282,0.0082004782616739,0.0081855460140446,0.0076974245901574,0.0062383635466231,0.00432655722652,0.0042397558807345,0.0065727783677598,0.0090291194165924,0.0105053082301547,0.0106424121276327,0.0095641465673669,0.0079108278784283,0.0067523671104882,0.0067286477358861,0.0071448214464581,0.0071655199264489,0.0070657234093412,0.0083815170376025,0.0119645672693405,0.0168282147831436,0.0216473928438707,0.0253469270804866,0.0272158203604525,0.0270585129227221,0.0253598267466922,0.0234331543932774,0.0231717946022376,0.0256737713894584,0.0300679487186729,0.0345830802049256,0.0377774503089339,0.0388012623601257,0.0373688673842278,0.0336788586355506,0.0283063082581431,0.0220509964880205,0.0157576716282042,0.0101391587802387,0.0056100436244341,0.0022300084351824,0.001567193056239,0.0044092355842709,0.0079691373341156,0.0119837923740842,0.0161337963283243,0.0200330700227592,0.0233384160049987,0.0257962484029873,0.0272783099307496,0.0277594864655215,0.0273116612721007,0.0260590517828269,0.0241742407568424,0.021843506412398,0.0192738120116695,0.0166779719131411,0.0142987983525135,0.0123985755591046
161,0.0045763939818796,0.0080617078133908,0.0101631020497166,0.0105135685302276,0.0096226300584505,0.0085923105543206,0.0083195028504866,0.0085446605490103,0.0082236327552513,0.0066920708050579,0.0043507395095677,0.0038514676545513,0.0065336584227291,0.0093843141316444,0.0110967843586454,0.0112644681461167,0.0100153641845312,0.0080741565683409,0.0067468732139891,0.0068906910019347,0.007583011316662,0.0077160444893591,0.0074277754038069,0.0083408435129402,0.011741147275304,0.0166900071367712,0.0217016395283491,0.0256049432542504,0.0276411417226514,0.0275942131263227,0.0259453988686461,0.0240151336059621,0.0237187839794939,0.0262038410221428,0.0306390182438457,0.0352414719062953,0.0385362512634442,0.0396433415518733,0.0382539266552963,0.0345529498394652,0.0291115106634773,0.02273715949991,0.016293467957804,0.0105222617054175,0.0058758304753345,0.002456959845446,0.0016092972316604,0.0043242293405948,0.0078803974747769,0.0119454090966811,0.0161838408614569,0.0201921647807728,0.023607965897406,0.0261614133850563,0.0277127144569637,0.0282318029780672,0.0277912540275704,0.0265205170467151,0.0245997004325156,0.0222229125256144,0.0196036709751598,0.0169580649494688,0.0145306432478316,0.0125850517301083
168,0.0043122262883314,0.0079466169092373,0.0101948663787415,0.0106353549576697,0.0097789816526171,0.0087837367916892,0.0085899014473351,0.0088915418882136,0.0085752828953259,0.0069431264162135,0.0043960315289445,0.0038103378651792,0.006708194777821,0.0097212053776366,0.0114971591968547,0.0116336606362957,0.0102873318659367,0.0082385666216701,0.006873426583317,0.0070680077690499,0.0078085544707416,0.0079447494412378,0.0076240795286204,0.0085010319178024,0.0119081639396294,0.0169087295988841,0.0220040757048037,0.0260301506351696,0.0282461201262035,0.028452314507764,0.0271245496551268,0.0255101938409228,0.0253451954203621,0.0276710818552212,0.0318142501386494,0.0361639740069528,0.0392968614483697,0.0403233111938212,0.0389053530924074,0.035195354178,0.0297336766100972,0.0233037919986841,0.0167533808626052,0.0108164771248986,0.0059473493937259,0.0022645121691692,0.0016787875902872,0.0046744964128744,0.0083112642398362,0.0124047593777233,0.0166538939941432,0.0206655300136612,0.0240763535341478,0.026613231288406,0.0281337041667232,0.0286086404580646,0.0281143627017504,0.0267865368797796,0.0248118497683856,0.0223902957144081,0.0197390932652248,0.0170746416346649,0.0146395907421908,0.0126938778990688
175,0.0041163054694498,0.0077929360128038,0.0101582176450355,0.010752079669429,0.0100464213871409,0.0091472963748862,0.0089372600463275,0.0091401643932387,0.0087235259001157,0.0070372201926356,0.0045343596391862,0.0040659439927299,0.0069158696210951,0.0098756062270694,0.0116127923263704,0.0117406143687894,0.010434458690787,0.0084660288345064,0.0071228207902907,0.0071780473119736,0.007756633422541,0.007853694310387,0.0076981472342895,0.0088665280942757,0.0124026438844827,0.0173878770165367,0.0224658221241689,0.0265654018493064,0.0290023235035401,0.0295957580341111,0.0287779373018178,0.027635767797603,0.0276183318391303,0.0296251221153016,0.0332164636187043,0.037064339164623,0.0398580085695631,0.0407114436162566,0.0392469557423351,0.0355633627541644,0.0301454890022059,0.0237273125447856,0.0171173789141647,0.0110222432665349,0.0058837423935783,0.0018093267106587,0.0019767398755178,0.005347179912793,0.0090769656063271,0.0131562278354424,0.0173399663758661,0.0212648109022999,0.0245807962560921,0.027021161410375,0.0284465935888719,0.0288317719354307,0.0282569265830172,0.0268626042005084,0.0248393258524488,0.0223900560829144,0.0197323158855747,0.0170797921355675,0.014669682468795,0.01275402208719
182,0.0039366895765454,0.0076090364676917,0.0101006440843224,0.0109107564719559,0.0104210980543864,0.0096088492917176,0.0092761060102623,0.0092652858213938,0.0087213160140184,0.0070766072209735,0.0048163937931894,0.0044674024792005,0.0070318670965438,0.0097993297870782,0.0114725910131214,0.0116662216278784,0.010537904371047,0.0087699550356141,0.0074294042570193,0.0071813502963789,0.0074698478823314,0.0075552924145925,0.0077452171994602,0.0093651543264851,0.0130359607683554,0.017936577753971,0.0229354592824169,0.0270932043352009,0.0297858689656477,0.0308266604088886,0.0305580922694725,0.0298651491810035,0.0299229129808308,0.0315299908617991,0.0344824780415806,0.0377500406440342,0.0401594555148696,0.0408350257567955,0.0393514401680589,0.0357405771277097,0.0304187641307963,0.0240604771696201,0.0174300594260503,0.0112079450043261,0.0058342492162761,0.0014440095287777,0.002511068017836,0.0061012238843781,0.0098837515715479,0.0139106051666095,0.0179854666978212,0.0217803763430137,0.0249652495226431,0.027284154772293,0.0286027250854802,0.0288990370158006,0.0282549839971904,0.0268129781296816,0.0247639367848551,0.0223107678586774,0.0196684843907787,0.0170459798869291,0.0146729928180922,0.0127923171194132
189,0.0037523975546322,0.0074236900995307,0.0100638687139044,0.0111145348838418,0.0108350883412065,0.0100610398565483,0.0095479988450178,0.0093027888788931,0.00867288352692,0.0071613186000727,0.00520155898569,0.0048435039535879,0.007002120519841,0.009542407792573,0.0111919100047888,0.0115326790802321,0.0106570000489632,0.0091030610066359,0.0077083419381496,0.007093416355143,0.0070756733953998,0.0072121372249136,0.0078106121780025,0.0098261480205372,0.0135561170165597,0.018336231602227,0.0232492886870787,0.0274709287562299,0.0304107034019583,0.0318447071867817,0.0320077135680897,0.0316105262098451,0.0316456545208635,0.0328777317842212,0.0352949490111063,0.0381009704068983,0.0402337145078214,0.0408188103734419,0.0393797059191521,0.0358820081057576,0.0306788640567412,0.0243945386680075,0.0177615744970707,0.0114494386333158,0.0059173850259234,0.0014546786104769,0.0029689800582478,0.0066386112545026,0.0104268151141168,0.0143870243233517,0.018357042332985,0.0220388035326693,0.0251198140326698,0.0273531636447865,0.0286067842689096,0.0288588306565287,0.0281888901136746,0.0267375872447479,0.0246930493571262,0.0222560829146591,0.0196378790056459,0.0170424644400298,0.014692765725209,0.0128251217269974
196,0.0035810149941886,0.0072755591252279,0.0100671683834408,0.0113245837991941,0.0111933198166965,0.0104101185315721,0.0097331175924385,0.009323878394698,0.0086851816803899,0.0073350694142173,0.0055738235540177,0.0050526983812678,0.0068221919520915,0.009210691720025,0.010916344364806,0.0114469317593132,0.0108011589285187,0.0093834450327016,0.0078883509575039,0.0069646297276804,0.0067336481209979,0.0069577127078847,0.0078432505630056,0.0100423041849131,0.0137380389650816,0.0184137182217503,0.0232848298609243,0.0275794138115687,0.0306981124641754,0.0323641613540867,0.0327299409354902,0.0324130543420187,0.0323446572184707,0.0333233558891747,0.0354671250574596,0.0380979805063232,0.040188889104184,0.0408392206240523,0.0395234172745367,0.0361583479346001,0.0310586628681564,0.0248245583574598,0.0181803977123374,0.0118028739508449,0.0061779110589965,0.0016980288115359,0.0030541559501025,0.0067190674091218,0.0104844034190653,0.0143965964160002,0.0183135073065212,0.0219537780041751,0.0250126000199591,0.0272446410713379,0.0285141092084522,0.0287940522695612,0.0281575105476987,0.0267401748950254,0.024725598577814,0.0223121964816397,0.019708197921756,0.0171150704557431,0.014752535028421,0.0128567371951028
203,0.0034655213026086,0.0071961061336328,0.0101047832718952,0.0114876739752599,0.0114198553046656,0.010605910206729,0.0098447413337266,0.009398592780102,0.0088226228280587,0.0075794205427005,0.0058235987682821,0.0050146908695868,0.0065253663139425,0.0089209035344483,0.0107629744672084,0.0114619278055719,0.0109402177913514,0.0095390062360641,0.0079319818106127,0.0068524222601083,0.0065726096742903,0.0068532718166611,0.0077587271110057,0.0098721468185731,0.0134629633432804,0.0180976952975048,0.023000518896422,0.0273667889784742,0.030549864760693,0.0322286428643724,0.0325299443420797,0.0320817239768452,0.0318768406382615,0.0328067552488651,0.0350409191959415,0.0378716179626217,0.0402052414410059,0.0410849500800666,0.039950550396283,0.0367031091882123,0.0316562382815906,0.0254203090713339,0.0187380687126639,0.0123083929745384,0.0066373096444841,0.0020620773392421,0.0026393948356203,0.0062442294639551,0.0099853403416026,0.0139006907843721,0.0178519840164017,0.0215563542946604,0.0247025871893814,0.0270370464625792,0.0284134557504626,0.0287949935107195,0.0282452341272268,0.0268936650414837,0.0249196067210925,0.0225207166004344,0.0199051401076797,0.0172757621508487,0.014854177641099,0.0128837417340693
210,0.0034480195280978,0.0071947260190053,0.0101568865578076,0.0115684494173776,0.0114882488447522,0.0106507707383924,0.0099142910306911,0.009562368460153,0.0090863064989902,0.0078501059085039,0.0059093422646385,0.0047305877650666,0.006179266151278,0.0087588032082153,0.0107785986448827,0.0115723906594371,0.0110388086252917,0.0095422712168913,0.0078448074267045,0.0067997805594639,0.0066409816511062,0.0069033219024192,0.0075367007089683,0.0093113885692279,0.0127606419460218,0.0174421303885695,0.0224500226891284,0.0268714944242389,0.0299937234572323,0.031476084469196,0.0314827487539161,0.0307501833548238,0.0304437746812419,0.0315875261286566,0.0342959063270243,0.0376726646936529,0.0404746583110667,0.0416839840315722,0.0407360355651142,0.0375550640333417,0.0324905690775589,0.0261933564697628,0.0194456784369674,0.0129789646490528,0.0073136236838085,0.0026900122589008,0.0018039034782484,0.0052911461898683,0.0090339862424395,0.0130254995399042,0.0171096784640449,0.0209832078361696,0.0243160136077145,0.0268385836748001,0.0283900404018842,0.0289216851066718,0.0284873654797779,0.0272113676739752,0.0252709213671214,0.022865742914206,0.0202073138372603,0.0175038033623054,0.0149831403819961,0.0129014510766367
217,0.0035349125353965,0.0072539974718234,0.0102041868599426,0.0115669854165981,0.0114270554765821,0.0105897053093596,0.0099712527592982,0.0097987580472401,0.0094222389667591,0.0081079595436795,0.0058654048562337,0.0042824443971042,0.0058686770887187,0.008746362214311,0.0109317565723782,0.0117363201308955,0.0110837347492949,0.0094215129591275,0.0076721664726974,0.0068202966294738,0.0068920410714166,0.0070800345414377,0.0072514530158665,0.0085023110265468,0.011802942798638,0.0166096967247244,0.021766938493052,0.0262168057871501,0.0291844871972963,0.0303351228652463,0.029914571661127,0.0288378040978983,0.0285260228894665,0.0301400931154489,0.0336061977623715,0.0377193009370655,0.0410688813657192,0.0426057511193456,0.0417953708436645,0.0386139590032207,0.0334691204301092,0.0270680479756155,0.0202424511211825,0.0137601166545168,0.0081532692198562,0.0035974728215958,0.0009301274975826,0.0040930146779524,0.0078816724537383,0.0120187804152268,0.0163081557383692,0.0204147459781666,0.0239848956886437,0.0267316277082317,0.0284798009041882,0.0291700512544235,0.0288486471727467,0.0276369245967,0.0257126515250437,0.0232798788607276,0.0205557436242874,0.0177558224877496,0.0151164529981514,0.0129085658257259
224,0.0036791841460305,0.0073372182477142,0.0102365791628666,0.0115159366580609,0.0113038145032896,0.0104877979907102,0.0100264097625207,0.0100465337702735,0.0097459745079338,0.0083218427088083,0.0057678406315599,0.0038088092361593,0.0056562832821229,0.0088346638217324,0.0111380394470564,0.011899973290481,0.011088070270555,0.0092480884436187,0.0074828719101814,0.0068909021303198,0.0072091865667806,0.0073176124604619,0.0070127907353446,0.0076836922317195,0.0108524719588965,0.0158195699953112,0.0211248735470826,0.0255780388732244,0.0283610895337338,0.029158275742518,0.0283081464613197,0.026924898210416,0.026713246592958,0.0289301004458817,0.0332090184797616,0.0380212858063234,0.0418394025926142,0.0436212845111841,0.0428800618875436,0.0396500623737995,0.034397733043585,0.0278846790928787,0.0209885205780912,0.0145090357196933,0.0089851599310917,0.0045444888307759,0.001051536095833,0.0029731447092548,0.0068423835482829,0.0111518437531011,0.0156557072718961,0.0199896387600644,0.0237805020953483,0.0267275371107894,0.0286448403318417,0.0294654383202794,0.029230817521789,0.0280614507265813,0.0261370663397335,0.0236666690994266,0.0208733078589701,0.0179796544695118,0.0152298785730578,0.0129080214493997
231,0.0038029833703342,0.007403600638302,0.0102532312891122,0.0114624586938744,0.0111964731249135,0.0104052720343381,0.0100693849325086,0.0102273854081846,0.0099710028957689,0.0084612855618375,0.005687613873364,0.0034626650569021,0.0055514512218294,0.0089343561392449,0.0113009375114548,0.0120146434905646,0.0110773814578909,0.0091073566041521,0.0073450774076846,0.0069616793955236,0.00745595703276,0.0075138907955506,0.0068804425611134,0.0071043739704361,0.0101820579645774,0.0152790690215993,0.0206870601615649,0.0251319871195458,0.0277737472185678,0.0283138985418812,0.0271598758379011,0.0255795964496309,0.0254993201851821,0.0282123298645757,0.0330829834907077,0.0383615237346221,0.0424698071643003,0.0443873779578034,0.043666347531148,0.0403829300736572,0.0350443894213087,0.0284494359988644,0.0215065648257669,0.0150361921924203,0.0095785381455275,0.0052261323916506,0.0016553840225115,0.0022359470977397,0.0061720425793202,0.0106116584155315,0.0152670480465639,0.0197557420070388,0.0236930227895763,0.0267699815665686,0.0287944061041545,0.0296950384251102,0.0295109354161067,0.0283626204036106,0.0264316790474354,0.0239307243396694,0.0210870028339248,0.0181280362094888,0.0153031676001125,0.0129049719092638
238,0.0038412071778546,0.0074235180269325,0.0102572285102199,0.0114450411220132,0.0111633216354266,0.010380594773395,0.0100825646878864,0.0102802002791857,0.010035366734273,0.0085003905365556,0.0056639369957177,0.0033613760782204,0.005527589714193,0.0089674930682776,0.0113496896707518,0.012047491416712,0.0110727714572418,0.0090647554197627,0.0073051229924411,0.0069847473270059,0.0075295723730667,0.007574296944292,0.0068486783293068,0.0069379583595474,0.0099891498676742,0.0151259336527815,0.0205630802698427,0.0250042400813739,0.0276040360999643,0.0280693718178026,0.026827844234033,0.0251938163613284,0.025160979891168,0.0280269246593168,0.0330690718397682,0.0384770064151184,0.0426628987953784,0.0446145017407049,0.0438955959607633,0.0405944457144342,0.0352298711531886,0.028611038711356,0.0216551431776953,0.0151882290955457,0.0097503425235075,0.0054234326974672,0.0018514819414853,0.0020367948174789,0.0059899735709719,0.0104672011662071,0.0151655596584251,0.0196976051298929,0.0236755058640476,0.0267881895501208,0.0288417581555729,0.0297638281181517,0.0295928867670468,0.0284495107158438,0.0265158687213742,0.0240056382209839,0.021147253253951,0.0181695906722735,0.0153234573887941,0.0129037885656361
245,0.0037741544724233,0.0073884163578234,0.010249905136427,0.0114753576870149,0.0112214828691337,0.0104241266295652,0.0100594515111925,0.0101867477745645,0.0099210960499389,0.0084307684299682,0.0057058309136232,0.0035405192790216,0.0055718118593543,0.0089099956508655,0.0112637427600855,0.0119891836665972,0.0110805164963756,0.0091397234254439,0.0073759214349789,0.0069446267927075,0.0073997386288176,0.0074683307183337,0.0069070212631928,0.0072332664915556,0.0103313066831516,0.0153982647663331,0.0207835749829384,0.0252310006027659,0.0279048551707799,0.0285026487824044,0.0274163163214598,0.0258785307819608,0.0257645462310915,0.0283622913451798,0.033100500862623,0.0382774264097282,0.0423238732264396,0.0442136286710685,0.0434898671987496,0.0402194840392439,0.0349007383407227,0.0283241710650655,0.0213915102063579,0.0149186939257914,0.0094459336397282,0.0050737760338423,0.001508088930449,0.0023947426502793,0.0063163814126691,0.0107268199113357,0.0153487068472318,0.0198034736949714,0.0237088504763677,0.0267576625421547,0.0287590393176585,0.0296426016660615,0.0294479255844637,0.0282954594328067,0.0263663700187343,0.023872458966689,0.0210400355881806,0.0180955563886839,0.0152872361564946,0.0129057989207231
252,0.0036365092611194,0.0073134699752316,0.0102290256814363,0.0115328670800858,0.0113406843813824,0.0105172613315871,0.0100111322467158,0.0099791827729699,0.0096600151148113,0.0082669900238039,0.0057965551188174,0.0039375885675055,0.0057053524173812,0.0088041135576404,0.0110795046157615,0.011856305933151,0.0110895276193979,0.0092979433356484,0.0075344232717352,0.0068682672639202,0.0071199889608047,0.0072490891175585,0.0070712219626577,0.0079032725457799,0.011106680298243,0.0160280156859669,0.0212939236068512,0.025748077498004,0.0285825744822047,0.0294757671323946,0.0287407380616416,0.027436306680107,0.0271880891057594,0.0292317540378877,0.03328938068306,0.0379186405171027,0.0416181982876957,0.0433410260205095,0.0425864165248809,0.0393728989420963,0.034151243281251,0.0276686965132608,0.0207908698022542,0.0143093178344097,0.0087616975631507,0.0042883764974779,0.0008935729247596,0.0032656197410637,0.0071105641306712,0.0113719978880088,0.0158181006409009,0.0200919636213644,0.0238252620256042,0.0267206392309246,0.0285948144784127,0.0293826492687535,0.0291267266138888,0.0279476197190987,0.0260244395149214,0.023564843995927,0.0207902722535783,0.0179215534524415,0.0152007969114897,0.0129086681585902
259,0.0035012511168163,0.0072327932208767,0.0101919530864522,0.0115743575353682,0.0114542938915052,0.0106142702620379,0.0099551795823068,0.0097267666267476,0.0093235251262519,0.0080374640268331,0.0058870345320707,0.004419822217256,0.0059492673338191,0.0087363455884796,0.0108782964841259,0.0116871440679506,0.0110760051429284,0.0094650654739228,0.0077264055831236,0.0068076420376961,0.0068076151673464,0.0070196014571399,0.0073326782521409,0.008745890624353,0.0120882648561241,0.0168531655492056,0.0219657483067128,0.0264104039375944,0.0294284993135481,0.0306815176324374,0.0303892275911404,0.0294109561319282,0.0290888930582863,0.0305470379276082,0.0337790855278251,0.0376753407723115,0.0408703149100251,0.0423194507731062,0.0414767380273134,0.0383018345464178,0.0331847039363478,0.0268158438495939,0.0200126086930997,0.0135324852868426,0.0079046950540636,0.0033206377594919,0.0011352410492514,0.004442241609176,0.0082130950157247,0.0123032362592278,0.0165297517557353,0.0205670383183423,0.0240680734717075,0.0267506537593254,0.0284434578593689,0.0290898943417361,0.0287381084741889,0.0275100397378625,0.0255830719238354,0.0231598779144949,0.0204558590090441,0.0176843991261055,0.0150793654642551,0.012907508490013
266,0.0034416545223222,0.00718770154466,0.0101417791401039,0.0115544745273127,0.0114841117614664,0.0106513312265101,0.0098967531985769,0.0095064480256683,0.0090004249944835,0.0077725798612232,0.0059007689404183,0.0048334379391391,0.0062782185180211,0.0087893969626168,0.010757415112186,0.0115331289316178,0.0110160904935389,0.009556225732005,0.0078810393814632,0.006807280092364,0.0065991032001754,0.006874304622608,0.0076112959971467,0.0095055999036625,0.0129971717389541,0.0176562118048018,0.0226278433311031,0.0270360091990614,0.0301873157655928,0.0317438355834103,0.031853370341242,0.0312125964463009,0.0309275206762756,0.0319819475702864,0.03451891096809,0.0377112904859989,0.0403639614094702,0.0414747516388307,0.0404765704499693,0.0372833533967515,0.0322312084028028,0.0259570196201872,0.0192301544822351,0.0127720175131242,0.0070991847320115,0.0024769317879998,0.0020717502821416,0.0056010743055147,0.0093394017106515,0.0133012609183398,0.0173381618934992,0.0211543078130898,0.0244259210282484,0.0268884731413143,0.0283854239370746,0.0288714724622926,0.0284031046162191,0.0271058811421388,0.0251573621175783,0.0227563789980927,0.0201131488824469,0.0174340155397675,0.0149447684552193,0.0128975005161777
273,0.0034899906201633,0.0072107375368749,0.0100915857298527,0.0114485280544703,0.0113711936514273,0.0105664221756995,0.0098186599580067,0.0093687969842779,0.0087693232003974,0.007504928130996,0.0057687163196241,0.0050523258466767,0.0066187281686014,0.0089934452442009,0.0107900511597555,0.0114467507694835,0.0109033344850584,0.0095099511301628,0.0079339356650259,0.0068798447236739,0.0065955048909117,0.0068668455881574,0.0077979163671183,0.0099633553492246,0.0135893637966336,0.0182273327270368,0.0231130001261943,0.0274598214490844,0.0306376147099442,0.0323358592769865,0.0326820152980147,0.0322903618109676,0.0321240656405267,0.0330429168620992,0.0352110489514343,0.0379455736855195,0.0401821653512057,0.0409821180579857,0.0397926830579133,0.0365154513364023,0.0314602533679461,0.0252310569838311,0.0185628200457545,0.0121468128586034,0.0064841500406114,0.0019386883823659,0.0028084108164942,0.006435361727539,0.0101818712889627,0.0140894873468136,0.0180207831741502,0.0216953391135924,0.0248052436255837,0.0271001925344334,0.0284375098929162,0.0287835499939289,0.0282047275759582,0.0268323180209645,0.0248466739418933,0.0224454279854471,0.019836365196585,0.0172215378726672,0.0148214856205649,0.0128768059282441
280,0.0036264211945384,0.0073119362223404,0.0100620751138731,0.0112671173078992,0.0111018455295815,0.0103248189892613,0.0096888020491802,0.0093150429932031,0.0086705788941829,0.007276547119289,0.005476117559089,0.0050160558899819,0.006887663274215,0.0093060577064037,0.0109866556024396,0.011462272086901,0.010758751320574,0.009313537899612,0.007849967268099,0.0070021253615517,0.0068173500126241,0.00701641470175,0.0078426813172753,0.0100159618234959,0.0137300996066609,0.0184309110766659,0.0233072713324758,0.0275805185853928,0.0306582856629478,0.0322790799975902,0.0326139797935494,0.0322970664505155,0.0322642127910508,0.0332977664351105,0.035485752725321,0.038130336025343,0.0402044226037575,0.0408183247173449,0.0394597029784572,0.036056570660951,0.0309311222916498,0.0246870499538076,0.0180483266151656,0.0116878578439743,0.0060843016722933,0.0016180434211508,0.0030789457748978,0.006751650501994,0.0105249059897661,0.0144469297296037,0.0183712961960433,0.0220135867531721,0.0250681336581175,0.0272901463888194,0.0285456082539627,0.0288095836700319,0.0281573723283855,0.0267263096098716,0.0247013155413391,0.0222813906369631,0.0196754109055335,0.0170852028234139,0.0147308934306704,0.0128479472320887
287,0.0038051433371138,0.007474560753855,0.0100706178492724,0.011053405387235,0.0107183305054466,0.0099389075267905,0.0094790155498982,0.0092971642942839,0.0086847309971228,0.0071285949227405,0.0050871217173618,0.0047477955134031,0.0070264966776985,0.0096286551394379,0.011277888395766,0.0115698308044776,0.0106198485398833,0.0090094815972262,0.007636128418446,0.0071252720887038,0.007189904359305,0.0073057245202911,0.0077915130213909,0.0097107247783358,0.0134335922409738,0.0182488765428389,0.0231839191341525,0.0273862091304715,0.0302597423590709,0.0315937823916341,0.0316532067137214,0.0311920986748923,0.0312433242032202,0.03257412568741,0.0351235811168789,0.0380384874218657,0.0402308543871804,0.0408280512991841,0.0393682912030183,0.0358350654171004,0.0305978556774624,0.0242932343661176,0.0176607461519564,0.011371111055457,0.0058764548637225,0.0014155876207014,0.0028658619345794,0.0065233194573683,0.0103138758212088,0.0142927281519997,0.0182893900776604,0.0219983021210134,0.0251026731717818,0.0273535698827,0.0286187663780282,0.028876870843812,0.0282085886724523,0.0267554242983165,0.0247065610557314,0.0222635283471121,0.0196386180972531,0.0170371116183564,0.0146836408525662,0.0128158588039493
294,0.0039883358965902,0.0076633024692778,0.0101164758955063,0.0108600251543272,0.0103061454244306,0.0094731363891047,0.0091842820125659,0.0092409985473497,0.0087317213724959,0.0070643833828074,0.0047215473261582,0.0043480411677956,0.0070123473702741,0.0098431804738635,0.0115331185389807,0.0116990346303482,0.010508508117265,0.0086770729951871,0.0073409417194337,0.0071912952549215,0.0075694472889126,0.0076523279491393,0.007730034386371,0.0092175428276629,0.0128552509470711,0.0177857134586291,0.0228103581416992,0.0269514896520392,0.0295695158409167,0.0304827292051235,0.0300628679543577,0.0292527773764342,0.0292988744806603,0.0310222031862147,0.0341546573747019,0.0375844510560333,0.0400993353530411,0.0408207043072743,0.0393374154712294,0.0357011189910458,0.0303480211108521,0.0239695174870375,0.0173419890330416,0.0111521915168458,0.0058385379287293,0.0015155699386919,0.0023503804809063,0.0058949954252281,0.0096676405650058,0.0137122219233585,0.0178199711969652,0.0216529657141624,0.0248752815067347,0.027227814366877,0.0285748517067195,0.0288937236064866,0.0282662010455806,0.0268345177694029,0.0247898572759292,0.0223353969652633,0.0196870759400674,0.0170552821455823,0.0146719463922493,0.0127824125131982
301,0.0041687163627753,0.0078407116767907,0.0101729843987109,0.0107158161377252,0.0099575128167957,0.0090291171180334,0.0088354352051379,0.0090819015616429,0.0087001594987076,0.0070209235639999,0.0044810659873258,0.0039704576194318,0.0068618981177519,0.0098550754890781,0.0116091587019772,0.0117333610166403,0.0104004119363759,0.0083926333959711,0.0070421648591601,0.0071568708870721,0.0077992279390197,0.0079073979402361,0.0076838428331992,0.0087433892688662,0.0122370452557154,0.017234363652123,0.0223257564250858,0.0264072379887045,0.0287764182253632,0.0292487353415746,0.0282739667130379,0.0269919412533493,0.0269372316279158,0.0290478975432604,0.0328142798238992,0.0368219971711864,0.0397236436458006,0.0406310776147242,0.0391789407889704,0.0354831953578136,0.030046536294379,0.0236188941174758,0.0170213678522846,0.0109690825170673,0.0059073453632644,0.0019482674663281,0.0018591488240181,0.0051341009842516,0.0088400700527747,0.0129279485619475,0.0171366600321197,0.0210931637090772,0.0244426404578335,0.0269157976095862,0.0283720400526125,0.0287848708131541,0.0282335303278944,0.0268574174832069,0.0248463026359382,0.0224026248874751,0.0197441457084086,0.0170856090336014,0.0146660616922882,0.0127400871961995
308,0.0043782128186946,0.0079832650767511,0.0101946184597172,0.0106038890024755,0.0097246234051371,0.008709887545052,0.0085008722562541,0.0087996648291011,0.0084959733722683,0.0068908638971401,0.004377101646881,0.003786983984341,0.0066475769272034,0.0096384912111568,0.0114101871954213,0.0115565409991349,0.0102256731122046,0.008187240120231,0.006822998058735,0.0070210904115238,0.0077716070747314,0.0079145029020643,0.0075841280157716,0.0084335792025747,0.0118216320682033,0.0168132184190251,0.0218959878483331,0.0258936160834684,0.0280547601775204,0.0281733058398989,0.0267292580896794,0.025000485967661,0.0247905759331522,0.0271799515707683,0.0314389146617015,0.0358921525354816,0.0390941500551917,0.0401565384381989,0.0387507473966185,0.0350406996201652,0.029578364955235,0.0231571800809805,0.0166324203399645,0.0107432905613514,0.005946075011441,0.0023575317582782,0.0016463311865551,0.0045340813070332,0.0081431064665547,0.0122323727050267,0.0164869849302733,0.0205082832651997,0.0239314909199596,0.026483224833768,0.0280210561878077,0.0285151463617404,0.0280406183009899,0.0267313974946939,0.0247725173137964,0.0223625587273355,0.0197180240852229,0.0170555617792596,0.0146187449531676,0.0126690756574198
315,0.0046715037474066,0.0080886163697787,0.0101363422052345,0.0104686176934295,0.0095909881753842,0.0085712505427152,0.0082679880041393,0.0084384830459612,0.0080876393865495,0.0065830676991526,0.0043440539349645,0.0039285060717611,0.0065150966958618,0.009274994869015,0.0109399545402209,0.0111093401554301,0.0099056769932938,0.008030696942358,0.0067364159934602,0.0068388860494995,0.0074741266510889,0.0075884794528547,0.0073405542724044,0.0083331112542559,0.0117659003826516,0.0166919671209624,0.0216591009168831,0.025513452403498,0.0275023755468987,0.0274105615490514,0.0257185780207404,0.0237515240376529,0.0234409796727709,0.0259411320905571,0.0303978629209529,0.0350112808625907,0.0383063577258552,0.0394090089826135,0.0380171509531722,0.0343212077469866,0.0288959431935873,0.0225499285172623,0.0161451158416035,0.0104192390424822,0.0058180896964626,0.0024355493427143,0.0015969763577887,0.0043022011876601,0.0078486981817487,0.0119001131831716,0.0161203278042904,0.0201079368534079,0.023504115732269,0.0260423000700949,0.0275849634763127,0.0281027382263379,0.0276675559188965,0.0264071670145182,0.0244995247642657,0.0221366229925379,0.0195303498871419,0.0168961293567361,0.0144783618171872,0.0125408168485973
322,0.0050767945575582,0.0081693611817284,0.0099745185551125,0.0102472014475125,0.0094830874915406,0.0085871049558336,0.0081979496155029,0.0080961888367742,0.0075287859263582,0.0060747950606287,0.004317660738414,0.0044043619681514,0.006644848333678,0.0089566100379828,0.0103284963249181,0.0104325837840189,0.0094020553779831,0.0078539973562849,0.0067710523808552,0.0066965647645406,0.0070002902745343,0.0069632735458452,0.0069381109516306,0.0084259908279963,0.0120932750928522,0.0169322050432249,0.0216796139095582,0.0253038335327599,0.0271213656779103,0.0269532903182572,0.0252907946016083,0.02343597426519,0.0232363957624134,0.0257351428342252,0.030065240080488,0.0344938956051488,0.0376069926023084,0.0385695963048544,0.0371036233657836,0.0334096796687041,0.0280600682320252,0.0218469598494711,0.0156032052235138,0.0100258651760132,0.005511018670262,0.0020977443673314,0.001572386640787,0.0045167214685755,0.0080963089593871,0.0120973151508329,0.0162118449613081,0.0200631686686976,0.023316761322168,0.0257261194510802,0.0271681876054081,0.0276206995026421,0.0271562884248434,0.0258982333845709,0.024017137029437,0.0216969376011132,0.0191424082060217,0.0165650129484698,0.0142065132834209,0.0123279591542622
329,0.0055480793820361,0.0082356094781319,0.009718997899561,0.0099055471200488,0.0093131646132964,0.0086585292372509,0.0082751373493164,0.0078716394536401,0.006945734166114,0.0054284017390712,0.0042753304796104,0.0050855675368939,0.007117749676784,0.0089031574985727,0.0098056910179483,0.0096788991090094,0.0087521971031649,0.0075930650714869,0.006848690105075,0.0066487099372876,0.0065107248867779,0.0061886555590061,0.0064688346193204,0.0086777554114196,0.012705084617866,0.017470433956787,0.0219306816910944,0.0252366877511479,0.0268453741418627,0.0266811356204092,0.025290184123376,0.0239214494763286,0.0241527312517096,0.0267025598714815,0.0307212054530086,0.0346914621564098,0.0373573131299542,0.0379682093568093,0.0362870844090633,0.0325246611769992,0.0272380171141496,0.0211802657244285,0.0151253616459385,0.0096953467368009,0.0052052439636105,0.0016201800139297,0.0018695498006038,0.0051619275992586,0.0088485820046297,0.012817395002709,0.0167958175526439,0.0204447318947085,0.02346654778544,0.0256464840267917,0.0268857822795194,0.0271776588673346,0.0266015966664135,0.0252809613787543,0.0233811810836267,0.0210789706802142,0.0185711449578824,0.0160639866126539,0.0137944984890127,0.012017265766499
336,0.0059709310124032,0.0082775666316521,0.0094099146597813,0.0094606381321984,0.0090252373219486,0.008663668761609,0.0083991579262275,0.007791984993825,0.0064823550101383,0.0047748226837219,0.0042154653843427,0.0057743329575756,0.0078102301287699,0.0091954221055197,0.0095879993881151,0.0090724377659586,0.0080787061719026,0.0072292647941372,0.0068643861718599,0.0066661156983711,0.0061470390008471,0.0054811628876867,0.0060879346267191,0.0090381523489518,0.0134367058630819,0.0181550981647984,0.022313989417128,0.0252457530127401,0.0265919558780085,0.0264463926976517,0.0254692821606184,0.0248537777175651,0.0258043743428299,0.0285945872621089,0.0323411514087433,0.0357662569291766,0.0378288039407995,0.0379143131995854,0.0358626802535758,0.0319157251557817,0.0266227552416907,0.020694085645505,0.0148335344881348,0.0095768774206,0.0051735611957401,0.0017858236653163,0.0027072496464567,0.0061179466472335,0.0099166432505956,0.0138818635735097,0.0177392537188165,0.0211776877736956,0.0239363133397571,0.0258363469664503,0.0268092310217822,0.0268705867152332,0.0261132424409022,0.0246667264137475,0.0226957137179733,0.0203728630528028,0.017888474242923,0.015444439111129,0.013272942351571,0.0116208211161328
343,0.0062202906228826,0.0082631739284906,0.0090990104066665,0.0089810503751099,0.0086252614145088,0.0085159916334359,0.0084356732626663,0.0077828259285122,0.0062165597992335,0.0042736744453419,0.0041365423623164,0.0062839628677234,0.0084642245095027,0.009681136838704,0.0097151803298301,0.0087957021282224,0.0075603404503261,0.0068139515556268,0.0067435966752517,0.006653478523589,0.0059486457454036,0.005044424283709,0.0059443376593911,0.0094546138882693,0.0141338562235851,0.0188199978995489,0.0227096385901067,0.0252661171202672,0.0263128331223254,0.0261496681295826,0.0256005653291294,0.0258172990732391,0.0276164570671236,0.0308280213436747,0.034480722697805,0.0374652278616261,0.0389383537550698,0.0384416743299981,0.035922856949311,0.0316844074869216,0.0262913736638084,0.0204271804117835,0.0147354228610983,0.0096769187017679,0.0054769568277605,0.002643380590795,0.0037617338756618,0.0071507704399158,0.0110292760102692,0.0150100916725864,0.0187846364717723,0.0220513406121888,0.0245752745582916,0.0262087771980066,0.0269120048733023,0.026724845515917,0.0257568272965189,0.0241486126509563,0.0220685890036357,0.0196898506248108,0.0171989364812661,0.0147958846408946,0.0127097127654316,0.0111808543466607
350,0.0062295642399089,0.008157051885755,0.0088232199330732,0.008561183579168,0.0081876785322881,0.0082056502436642,0.00828709948703,0.0077168418460603,0.0061103490586595,0.0040513149302432,0.0040647299865695,0.0065043388857212,0.0088389306073128,0.0100781747124756,0.0100013861047277,0.0088524644927701,0.0073454721700332,0.0064660701263484,0.006485234872813,0.0065208946897532,0.0058536661841023,0.0049870871238658,0.0061452594678125,0.0099263419095584,0.0147269708876503,0.0193614575263536,0.0230329956059624,0.0252680472111622,0.0260227326401647,0.0257862401453418,0.0255605487214648,0.0264840223541304,0.029049983315219,0.0327289540019822,0.036444140057014,0.039169226416443,0.0401955761847125,0.0391956104451101,0.0362249074465668,0.0316611872269098,0.0261063775190434,0.0202400824315959,0.0146676579245569,0.009794135488401,0.0058323456730168,0.0034482797135142,0.0046427752230312,0.0079988285535381,0.0119252180482448,0.0159244026633974,0.0196498659449766,0.0227982861308417,0.025148847262205,0.0265755383094088,0.027059918749403,0.0266621327507604,0.0255066720748145,0.0237464621336392,0.0215557366099942,0.0191110953182482,0.0165976413606207,0.0142156297527814,0.012192472361475,0.0107643999008219
357,0.0060416148958232,0.0079503237252938,0.0085861991020523,0.0082721090952456,0.0078281979943412,0.0078117340872397,0.0079417960319725,0.0074941589668252,0.0060487894924099,0.0041304728389271,0.0040979780454322,0.0064557094416898,0.0088180088387751,0.0101482712692451,0.0101680453124802,0.0090516603518574,0.0074385902124821,0.0063196592808042,0.0061733907945183,0.0062440185108675,0.0057782292013357,0.0052870371091099,0.0067417249112791,0.0105361985414477,0.0152679871758399,0.0197834127946353,0.0232707773783403,0.0252679832263666,0.0257927920198247,0.0254518141025828,0.0253810363047438,0.0267302626335767,0.0297912939830366,0.0338048905698034,0.0376090382411148,0.0402036355094371,0.0409496394460731,0.0396018537914091,0.0362943037752889,0.031467616959191,0.0257624496728775,0.0198674647273858,0.0143695130419506,0.0096366357182886,0.0058655061042731,0.0037902835451341,0.0051348557381004,0.0085086102789495,0.0124596457755688,0.0164599070964715,0.020144517279749,0.023209494900088,0.0254421995775603,0.0267304003908643,0.0270686740380031,0.0265304618257619,0.0252498039328156,0.0233891531337762,0.0211271948087841,0.0186444022093644,0.0161243289585799,0.0137671323331211,0.0117969230313473,0.0104447495341388
364,0.0058186293222196,0.0076815281401611,0.0083616863978994,0.008113669380941,0.0076364502704657,0.0074706502217643,0.0074849646280257,0.0070952196037831,0.0059231581229665,0.0044155387678071,0.0043675492278414,0.0063087289484354,0.0084587866727932,0.0098044413896292,0.0100068370429801,0.0091391592987011,0.0076771417829331,0.0064220795434794,0.0059433219964134,0.0058811702994301,0.0056789050599034,0.0058214345157729,0.0076813104478866,0.0113816400478086,0.0158858379930661,0.0201792242839097,0.0234732099951548,0.0253066208358008,0.025702826825,0.0252899259023258,0.0252355712146144,0.0266852890500536,0.029860913198861,0.0339266728245852,0.037690687665931,0.040161096047522,0.0407259938956298,0.0391768537529886,0.0356853718095408,0.0307234433751928,0.0249508700884016,0.019059179849913,0.01362370199987,0.0089907858429921,0.0053540927948134,0.0035904149183154,0.0052955049228417,0.0087531944582199,0.0126973247324111,0.0166515823639018,0.0202624568303732,0.0232352596181653,0.0253665590649488,0.0265545470330835,0.0268009665279081,0.0261863560545916,0.0248482537032147,0.022954147742762,0.0206839533935575,0.0182200207678623,0.0157423569238272,0.0134478456236061,0.0115515701641923,0.0102716804866715
371,0.0057688135983854,0.0074292117212027,0.0081164654156147,0.0080091234209278,0.0076022914287631,0.0072920419425473,0.0070623708924132,0.0065901596051455,0.0056830893522575,0.0047546365010696,0.0048934154409532,0.006313172210817,0.0079860927614821,0.0091449752298626,0.0094642440901652,0.0089335761070748,0.0078344512438872,0.0066725904496903,0.005896483288973,0.0055507199255562,0.0055606626325997,0.0064218077919513,0.0087805523321917,0.0124398020880934,0.0166608367162472,0.0206434270523855,0.0236978679928415,0.0254012381614607,0.0257707734790008,0.0253853681035959,0.0253249010115755,0.0266520071761229,0.0295889240697469,0.0333652510811161,0.0368458237255524,0.0390698839793086,0.039441939612754,0.0377631154781445,0.0342083382279852,0.0292452011363246,0.0235212744776423,0.0177089034741841,0.0123636246368092,0.0078197170307447,0.0043171747515785,0.003166559835134,0.0055127218702627,0.0090601627208027,0.012928815881525,0.0167510697876093,0.020208255275401,0.0230265887197361,0.0250169439857615,0.0260888572872399,0.0262491865861511,0.0255818605950096,0.0242237265162625,0.0223435459295795,0.0201195824120795,0.0177338845706703,0.0153608914721235,0.0131902674157671,0.0114203153216652,0.0102431650255033
378,0.0059826730043128,0.0072679826058456,0.007834948755839,0.0078523823135467,0.0076083275969354,0.0072666199209759,0.0067933059821712,0.0061080401529172,0.0053471561714843,0.0050079369077341,0.0055208561627103,0.0066046535321788,0.0076928295943501,0.008426713556448,0.008659222294945,0.0083906517139463,0.0077363816192091,0.0068810552825043,0.0060155216999003,0.0053746403289931,0.0054649045668156,0.0069325147393653,0.0097874562379409,0.0135168328313743,0.0175124984378152,0.0211648572112429,0.0239361654951856,0.0255016302108393,0.0259068162932857,0.0256680199885243,0.0257018649057686,0.0268854366389149,0.0294100275076195,0.0326384023290216,0.035580157467676,0.0373621872042343,0.0374291404788718,0.0355924399961243,0.0320149015337726,0.0271346174354386,0.0215575579205092,0.0159096931176728,0.0107092854978674,0.0062873252510404,0.0030849334006148,0.0033102244238708,0.006274968999372,0.0098163718416447,0.0135162592573431,0.017105219982547,0.020305855411603,0.0228736787081381,0.0246402305442597,0.0255302293670709,0.0255569769495118,0.0248073103800844,0.0234159935906877,0.0215515398545671,0.019389921971165,0.0171126922511798,0.0148889646574784,0.0128990538186486,0.0113183180021225,0.0102990483858712
385,0.0063376700768683,0.0072097423748623,0.0075270186562916,0.0075692606660088,0.0075033669138504,0.0072602648807487,0.0066772598901517,0.0057670377853786,0.0049913495863778,0.0050906104425767,0.006028706253591,0.0070647686847119,0.0077307814219823,0.0079481151045838,0.0078498081572112,0.0076171081154325,0.0073239005494486,0.0068782346679052,0.0061708210054848,0.0054028630628969,0.005459899083118,0.0072718754595583,0.0104913396853368,0.0143444036369326,0.0182147264984723,0.0215925607123199,0.0240798016013664,0.0254850385822564,0.0259327515652098,0.0259136567933489,0.0261784093443585,0.0273624072403074,0.0295427520812148,0.032177753900361,0.0344522619130112,0.0356350661668836,0.0352562065813505,0.0331651156129614,0.0295227138175647,0.024733573366036,0.0193475924876423,0.0139255314483246,0.0089350650718819,0.0047389725065828,0.0024752375222445,0.0044009588257941,0.0076313458364604,0.0110970589308885,0.0145919410548337,0.017900435409382,0.0207824259472337,0.0230276466666112,0.0244945535161309,0.0251282576860939,0.0249520907890844,0.0240577742617088,0.0225791453245806,0.020685484388999,0.0185526725188663,0.0163648529495158,0.0142904218542248,0.0125028565535516,0.0111533103539434,0.010344657209442
392,0.0066043278910325,0.0071824013080976,0.0072142028092426,0.0071530663353124,0.007188982470652,0.0071066255101955,0.0065878452582541,0.0055911337187624,0.0047172470915031,0.0050001433292417,0.0062558302822411,0.0074293975762793,0.0079691455060311,0.0078370209691307,0.0073173770455896,0.0068458846378725,0.0066734600398046,0.0065888444504692,0.0062100731098277,0.0055733173286077,0.0056106187176162,0.0074694233982083,0.0108119548906944,0.0147273382657965,0.0185269685482584,0.0217116762407415,0.0239614377478091,0.0252009553780636,0.0256585207635585,0.0258504095083677,0.0264131752743625,0.0277588156937432,0.0298008120378623,0.0320083632031001,0.0336948920539171,0.0342749513865941,0.0333932855543771,0.0309709984176135,0.0271948660725775,0.0224541043100504,0.0172500945835961,0.0120792283770208,0.0073659017587275,0.003622064624929,0.0030641725737902,0.005834784710069,0.0091562792313021,0.0125684417700757,0.0159080057239067,0.018979034924138,0.021568688869187,0.0234994168073238,0.0246584413201157,0.0250138892171692,0.0246016184705902,0.0235196889430465,0.0219023140715717,0.0199205972675513,0.0177533323088504,0.0155923171527214,0.013614227634271,0.0119952581351991,0.0108699939706685,0.0102915582772021
399,0.0066048797516938,0.0070720847589568,0.0069058678819693,0.0066626552153876,0.006666108003735,0.0067067959687988,0.0063663188508373,0.0054868914597543,0.0045902838938049,0.004820397471773,0.0061642875757847,0.0074862941815218,0.008118612453282,0.0079315658622781,0.00716290835885,0.0063376002021728,0.0059843401752932,0.0060591995234577,0.0060401673243419,0.0057515482860701,0.0059163810356708,0.0076390394076744,0.0108294457773435,0.0146408099204857,0.018332549731447,0.0213701867511331,0.0234452894252438,0.0245414442856371,0.024968063299125,0.0252924122990071,0.0261032929637532,0.0276604688919664,0.0297298002982362,0.0317373940278019,0.0330538325194391,0.0331933295624332,0.0319011989814936,0.0291784132713589,0.0252576814565483,0.0205370948071993,0.0154919711245172,0.0105737719212325,0.0061917450313469,0.003161522489263,0.0039809656193711,0.0070122679558302,0.010372095749051,0.0137631431611553,0.0170149165069542,0.0199320628113278,0.0223169358216562,0.0240161738258912,0.0249408084222901,0.0250782477529561,0.0244746966076404,0.0232317894538904,0.0214818992241676,0.0193946859015773,0.0171506131282438,0.0149498808145184,0.0129852611430358,0.0114497042861085,0.0104807226724303,0.0100968242665487
406,0.0062884693601532,0.006791179374995,0.0065861245247291,0.006187322812197,0.0060358590054563,0.0060781081040431,0.0059205152287999,0.005312529166585,0.004579492767312,0.0046775019741916,0.0058484996066188,0.00717790944871,0.007953401677662,0.0079304811430579,0.007206536579432,0.0061905265542778,0.0055020962832822,0.0054514512098345,0.0056657234888315,0.0058099447457061,0.0062779845960538,0.0078781091186144,0.0107311993263691,0.0142376957083459,0.0177030679573522,0.0205711236157609,0.0225096427402951,0.0234993103416786,0.0238715083223981,0.024223847969526,0.0251398724359196,0.0268139286542845,0.0289285156674081,0.0308673501309508,0.032014264137891,0.0319298585994804,0.030418574674256,0.0275372432899162,0.0235582138255633,0.0188967031580662,0.0140187963509689,0.0093506837326048,0.0053033639652016,0.0029880281908688,0.0045402788528031,0.0076393841546924,0.0109877458554711,0.0143461735995441,0.0175344679231373,0.0203540697449446,0.0226162159197373,0.0241833981325773,0.0249833232857157,0.0250153458504216,0.0243304331386392,0.0230271421429051,0.0212301333333336,0.0190991112039523,0.0168078797037029,0.0145556099156524,0.0125471764050932,0.0109981835199468,0.0100727640972403,0.0097885862995278
413,0.0057352816370021,0.0063247387969194,0.0062249395747888,0.0057933247375994,0.0054576128965866,0.0053548325422305,0.0052722343962019,0.0049690474131177,0.0045685315878881,0.004643932415387,0.0054900240719019,0.006612090272585,0.0074234104238093,0.0076178905501608,0.0071512738675578,0.0062368855137033,0.0053477368673122,0.0049873383661311,0.0051945979162652,0.0056902039698966,0.0065480365796056,0.0081676821572579,0.0106819293595265,0.0137589329479054,0.0168627492448627,0.0194823174428887,0.0212746894459662,0.0221851596768027,0.0225051585164762,0.0228052947750386,0.0236595340257616,0.0252619994202581,0.0272937242919251,0.0291388204502956,0.0301910761249036,0.0300276843157835,0.0284741871760577,0.0256075033591041,0.0217134148297596,0.0172106726398976,0.0125541095370855,0.0081473400557461,0.0043868071775108,0.0026163543108262,0.0046194638740838,0.0077044715573028,0.0109706859299391,0.0142360943228084,0.0173254802910708,0.020043586141987,0.0222118255320145,0.0237052711017383,0.0244644859083127,0.024495144027844,0.0238486042565553,0.0226140942106634,0.0209028076785704,0.0188548418223965,0.0166261435930267,0.0143982325071873,0.0123702795913026,0.0107653228891969,0.0097795456698467,0.0094672719413872
420,0.0051183352187003,0.0057399575592083,0.0058054285669849,0.0054852198842269,0.0050632387108209,0.0047433872575731,0.0045604261094717,0.0044525762935021,0.0044355210863877,0.0046689840255422,0.005248353143698,0.0060088432060916,0.0066601119305622,0.0069642851836781,0.0067987019539475,0.0061965268470093,0.0053947271157762,0.0048085995617775,0.0048043934871076,0.0054345733006552,0.0066217242932628,0.0083836681594726,0.0107024784343172,0.0133797868510642,0.0160621470748914,0.0183547740014858,0.0199564831923213,0.0207903962342876,0.021078509860491,0.0213048789607299,0.0219870150271711,0.0233328031888684,0.0250856858958032,0.0266914480268671,0.0275833117359295,0.0273558985388056,0.0258386403285667,0.0231017704936551,0.0194167451801984,0.0151822656695647,0.0108260164716589,0.0067174004107489,0.0032074016414754,0.0020304867822066,0.0044787760869259,0.007470077752068,0.0105573863355238,0.0136311353078344,0.0165352722045135,0.0190866110829496,0.0211216550687403,0.0225295693476186,0.0232644247912734,0.0233375923958108,0.0228007067160459,0.0217320354695741,0.0202271488302248,0.0184004725401424,0.0163812729709703,0.0143182671125928,0.0123837502310572,0.0107791891781033,0.0097075212834451,0.0092678364969788
427,0.0046230131088654,0.0051598136944949,0.0053458410793263,0.005215863141948,0.0048664614852361,0.0044102032797226,0.0040016771722312,0.0038687204053129,0.0041289618980631,0.0046258314503284,0.0051415865930959,0.0055777885029133,0.0059151718804743,0.0061240466040618,0.0061356282059473,0.0058837072719371,0.0053888720638997,0.0048434548976948,0.0046397202820183,0.0051756025499637,0.0065012749440198,0.008407086054987,0.0106773537157461,0.0130999573106326,0.0154246037728288,0.0173813707600961,0.0187583633600422,0.0195019424763995,0.0197824486977728,0.0199740456849974,0.0204844741670972,0.021495691621462,0.0228238949935613,0.0240221602971821,0.0246068526961762,0.0242163941516456,0.0226920913958946,0.0200913384772183,0.0166567535914797,0.0127489425437314,0.0087531745537508,0.004995256726798,0.0017880869556089,0.0019532322180197,0.0046316409424669,0.0073875581178879,0.010178634154009,0.0129459426011113,0.0155535017066673,0.017834109918877,0.0196428712174806,0.0208859266874891,0.0215342159852472,0.0216089918195254,0.0211675591253007,0.020282542378111,0.0190378249687344,0.0175226956730187,0.0158357420297023,0.0140837474950112,0.01239615544346,0.0109278325044553,0.0098511537391003,0.0092792344637709
434,0.0043345545568891,0.0047022627084054,0.0048983276066723,0.0049345007160593,0.004763043395045,0.0043448425228806,0.003766430071667,0.0034105869759873,0.0037056084178339,0.0044225413589821,0.0050498152805022,0.0053667666953743,0.0054218153794333,0.0053691765994329,0.0053272077176676,0.0052879582891718,0.0051485202652103,0.0048735913422044,0.004682346497461,0.0050575756609727,0.0063001157230649,0.0082230293387155,0.0104825138262925,0.0127852637039779,0.0148871646846388,0.0165861744354383,0.0177576229523918,0.0184068360720496,0.018698305475082,0.0189219690930622,0.0193599821886702,0.0201158310001538,0.0210314368230171,0.0217600797016117,0.0219250351772103,0.0212406956531913,0.019586486271392,0.0170229061200033,0.0137698547841841,0.0101483466523684,0.0064993094129628,0.0031209179087981,0.000835679497414,0.0029169302522394,0.0053720533502511,0.0077904597941751,0.0102168362798315,0.0126065373269161,0.0148378268499903,0.0167588762502776,0.0182433806310448,0.0192150084371616,0.0196637995299597,0.0196267903150487,0.0191765093372725,0.0183929634677303,0.0173608329517799,0.0161547587920657,0.014846123383817,0.0134980085857229,0.0121871888430679,0.0110068849057222,0.0100710149796816,0.0094665143994001
441,0.0041867015017115,0.0044062018033287,0.0045197242527658,0.0046252599541145,0.0046293801465743,0.0043753327525847,0.003815208950138,0.0032511048796724,0.0033275784095378,0.0040765291550759,0.0048468631903757,0.0052409701460438,0.0052162928126815,0.0049339461432795,0.0046512217162361,0.0045687619506963,0.0046510743572401,0.004716907953451,0.0047589112490206,0.0051097903516248,0.0061685351964584,0.0079375315378394,0.0101021978724339,0.0123160991568079,0.0142960714718334,0.0158436223631063,0.0168764506422582,0.0174539449437791,0.0177679985774133,0.0180737289324056,0.0185597039231367,0.0192357913570936,0.0199147400968291,0.0202963924735951,0.0200860473682757,0.0190775145529863,0.0172066475396826,0.0145598097730107,0.0113545209348578,0.0078867187153532,0.0044644304031235,0.0014258516207042,0.0017890991864447,0.0041750664339565,0.0064120309228818,0.0085649292007452,0.0106884013985803,0.0127432177193678,0.0146206248213124,0.0161831019745773,0.0173196152558985,0.0179667145746581,0.0181289902009466,0.0178590375890589,0.0172510017880423,0.0164080701848885,0.0154373933526751,0.0144232494734925,0.0134276088768289,0.0124795089290126,0.0116004742262724,0.0108140544405139,0.0101595017562006,0.0096705952909452
448,0.0040498174713615,0.0042094087909495,0.0042298020618022,0.0043078136426236,0.0044046306191851,0.0043296482949887,0.0039375958025287,0.0033678079022102,0.0031805933311796,0.0037240600243916,0.0045129133485804,0.0050367237547877,0.0051206286914084,0.0048145312730563,0.0043301357874728,0.0039969584662147,0.0040350349843267,0.0043273182612033,0.0046883389781472,0.0052065935834136,0.0061668376145537,0.0077005639992518,0.0096453575979166,0.0116980760742581,0.013560148833402,0.0150121437281363,0.0159696003069443,0.0165109332685536,0.016852716530987,0.0172493034310717,0.0178457488936732,0.0185865206361685,0.0192399696594564,0.019506315351702,0.019124288998245,0.0179347827401857,0.0159171712024744,0.0131870415071277,0.0099733495516781,0.0065664005259924,0.0032715921641564,0.0008902036062121,0.0028007926541235,0.005120647941416,0.0072548835208447,0.0092772510043035,0.0112322238281341,0.0130805285730679,0.0147240535728246,0.0160374692699774,0.0169196629303448,0.0173109753872194,0.0172167891072908,0.0166911676696648,0.0158388811386447,0.0147869429687653,0.0136807613575539,0.0126475989486909,0.0117792718952254,0.0111041092646934,0.0106024018163925,0.0102275056169677,0.0099342954154783,0.0096881065998207
455,0.0038506135064921,0.0040118285681524,0.0039932929296372,0.0040081832867789,0.0041004419675625,0.0041345725299888,0.0039482212825607,0.0035588457376302,0.0032995176163845,0.0035471347861271,0.0041549999555288,0.0047025321903026,0.0049354249634854,0.0047828541962559,0.0043182829419961,0.0037854866192062,0.0035543169950893,0.0038112087143373,0.0043977522741689,0.0051760851562539,0.006204884382982,0.0075788789743559,0.0092578213656143,0.0110563000549026,0.0127277414346709,0.0140585381844206,0.0149513492422211,0.0154722312441183,0.0158350901546211,0.016294017270817,0.0169837541127366,0.0178252002985815,0.0185636560437153,0.0188905180896745,0.0185488791865037,0.0173929129950284,0.0154168136292892,0.0127478551344272,0.0096221764227484,0.0063370912201969,0.003249936519691,0.0015394145936474,0.0032356544594017,0.0054479644930819,0.0075392109414158,0.0095209433303629,0.011413776095311,0.0131749117338501,0.0147156208560438,0.0159234925844261,0.016705467844459,0.0170007406652455,0.0168028455125954,0.0161486066190481,0.0151266757597618,0.0138608900279805,0.0125148326574517,0.0112640519290878,0.0102691518863342,0.0096215649870351,0.0093141683655362,0.0092531378824254,0.0093074331555353,0.0093626280282049
